{
  "preRequisites:11": [
    37
  ],
  "properties:10": {
    "betterquesting:10": {
      "desc:8": "使用珍品可以大大加快玩家获取研究的速度：不同珍品增加研究的专精不同。\n奥术珍品：神秘学,通过挖掘诡秘魔晶获得。\n传世真品：炼金术，挖掘琥珀矿石获得。\n扭曲珍品：炼化学，击杀腐化生物获得。\n远古珍品：傀儡学，邪术尖塔战利品基座上概率刷新。\n光明珍品：奥术注魔，与岩精交易获取。\n邪术珍品：邪术学，使用会获得扭曲，击杀邪术守卫获取。\n岩精法杖：无偏向，岩精法师交易获取。\n血腥手册：邪术学，使用会获得扭曲，击杀血腥教徒获得。\n\n此外，使用附魔有“求知”的武器/工具，击杀/挖掘，生物/方块概率获得任意珍品。",
      "icon:10": {
        "Count:3": 1,
        "id:8": "planarartifice:fundamental_curiosity"
      },
      "name:8": "快捷研究获取：使用珍品"
    }
  },
  "questID:3": 38,
  "rewards:9": {
    "0:10": {
      "index:3": 0,
      "rewardID:8": "bq_standard:item",
      "rewards:9": {
        "0:10": {
          "Count:3": 3,
          "id:8": "thaumcraft:ore_amber"
        }
      }
    }
  },
  "tasks:9": {
    "0:10": {
      "index:3": 0,
      "taskID:8": "bq_standard:checkbox"
    }
  }
}