{
  "lineID:3": 1228810150,
  "order:3": 0,
  "properties:10": {
    "betterquesting:10": {
      "desc:8": "神秘时代开局",
      "icon:10": {
        "Count:3": 1,
        "id:8": "thaumcraft:thaumonomicon"
      },
      "name:8": "1.第一章:神秘开端"
    }
  },
  "quests:9": {
    "0:10": {
      "id:3": 1,
      "sizeX:3": 24,
      "sizeY:3": 24,
      "x:3": -180,
      "y:3": -48
    },
    "1:10": {
      "id:3": 5,
      "sizeX:3": 24,
      "sizeY:3": 24,
      "x:3": 264,
      "y:3": -168
    },
    "2:10": {
      "id:3": 17,
      "sizeX:3": 24,
      "sizeY:3": 24,
      "x:3": 24,
      "y:3": 12
    },
    "3:10": {
      "id:3": 20,
      "sizeX:3": 24,
      "sizeY:3": 24,
      "x:3": 144,
      "y:3": -108
    },
    "4:10": {
      "id:3": 23,
      "sizeX:3": 24,
      "sizeY:3": 24,
      "x:3": -132,
      "y:3": -48
    },
    "5:10": {
      "id:3": 24,
      "sizeX:3": 24,
      "sizeY:3": 24,
      "x:3": 144,
      "y:3": -168
    },
    "6:10": {
      "id:3": 27,
      "sizeX:3": 24,
      "sizeY:3": 24,
      "x:3": -36,
      "y:3": -48
    },
    "7:10": {
      "id:3": 32,
      "sizeX:3": 24,
      "sizeY:3": 24,
      "x:3": 264,
      "y:3": -108
    },
    "8:10": {
      "id:3": 35,
      "sizeX:3": 24,
      "sizeY:3": 24,
      "x:3": 204,
      "y:3": -168
    },
    "9:10": {
      "id:3": 36,
      "sizeX:3": 24,
      "sizeY:3": 24,
      "x:3": 84,
      "y:3": -168
    },
    "10:10": {
      "id:3": 51,
      "sizeX:3": 24,
      "sizeY:3": 24,
      "x:3": -84,
      "y:3": -48
    },
    "11:10": {
      "id:3": 52,
      "sizeX:3": 24,
      "sizeY:3": 24,
      "x:3": -180,
      "y:3": -84
    },
    "12:10": {
      "id:3": 54,
      "sizeX:3": 24,
      "sizeY:3": 24,
      "x:3": -132,
      "y:3": -108
    },
    "13:10": {
      "id:3": 59,
      "sizeX:3": 24,
      "sizeY:3": 24,
      "x:3": 24,
      "y:3": 72
    },
    "14:10": {
      "id:3": 88,
      "sizeX:3": 24,
      "sizeY:3": 24,
      "x:3": 24,
      "y:3": -48
    },
    "15:10": {
      "id:3": 96,
      "sizeX:3": 24,
      "sizeY:3": 24,
      "x:3": 24,
      "y:3": -108
    },
    "16:10": {
      "id:3": 99,
      "sizeX:3": 24,
      "sizeY:3": 24,
      "x:3": 84,
      "y:3": -48
    },
    "17:10": {
      "id:3": 104,
      "sizeX:3": 24,
      "sizeY:3": 24,
      "x:3": 204,
      "y:3": -48
    },
    "18:10": {
      "id:3": 124,
      "sizeX:3": 24,
      "sizeY:3": 24,
      "x:3": 204,
      "y:3": 12
    },
    "19:10": {
      "id:3": 145,
      "sizeX:3": 24,
      "sizeY:3": 24,
      "x:3": 84,
      "y:3": 12
    },
    "20:10": {
      "id:3": 146,
      "sizeX:3": 24,
      "sizeY:3": 24,
      "x:3": 144,
      "y:3": 72
    },
    "21:10": {
      "id:3": 161,
      "sizeX:3": 24,
      "sizeY:3": 24,
      "x:3": -36,
      "y:3": 12
    },
    "22:10": {
      "id:3": 163,
      "sizeX:3": 24,
      "sizeY:3": 24,
      "x:3": 264,
      "y:3": -48
    },
    "23:10": {
      "id:3": 168,
      "sizeX:3": 24,
      "sizeY:3": 24,
      "x:3": 264,
      "y:3": 12
    },
    "24:10": {
      "id:3": 169,
      "sizeX:3": 24,
      "sizeY:3": 24,
      "x:3": 204,
      "y:3": 72
    },
    "25:10": {
      "id:3": 171,
      "sizeX:3": 24,
      "sizeY:3": 24,
      "x:3": 264,
      "y:3": 132
    },
    "26:10": {
      "id:3": 175,
      "sizeX:3": 24,
      "sizeY:3": 24,
      "x:3": 264,
      "y:3": 72
    },
    "27:10": {
      "id:3": 178,
      "sizeX:3": 24,
      "sizeY:3": 24,
      "x:3": 84,
      "y:3": 72
    },
    "28:10": {
      "id:3": 186,
      "sizeX:3": 24,
      "sizeY:3": 24,
      "x:3": 144,
      "y:3": 180
    },
    "29:10": {
      "id:3": 187,
      "sizeX:3": 24,
      "sizeY:3": 24,
      "x:3": 84,
      "y:3": 132
    },
    "30:10": {
      "id:3": 188,
      "sizeX:3": 24,
      "sizeY:3": 24,
      "x:3": 84,
      "y:3": 180
    },
    "31:10": {
      "id:3": 189,
      "sizeX:3": 24,
      "sizeY:3": 24,
      "x:3": 84,
      "y:3": 240
    },
    "32:10": {
      "id:3": 191,
      "sizeX:3": 24,
      "sizeY:3": 24,
      "x:3": 144,
      "y:3": 240
    },
    "33:10": {
      "id:3": 192,
      "sizeX:3": 24,
      "sizeY:3": 24,
      "x:3": 204,
      "y:3": 180
    },
    "34:10": {
      "id:3": 193,
      "sizeX:3": 24,
      "sizeY:3": 24,
      "x:3": 264,
      "y:3": 180
    },
    "35:10": {
      "id:3": 194,
      "sizeX:3": 24,
      "sizeY:3": 24,
      "x:3": 204,
      "y:3": 240
    },
    "36:10": {
      "id:3": 196,
      "sizeX:3": 24,
      "sizeY:3": 24,
      "x:3": 264,
      "y:3": 240
    },
    "37:10": {
      "id:3": 197,
      "sizeX:3": 24,
      "sizeY:3": 24,
      "x:3": 144,
      "y:3": 24
    },
    "38:10": {
      "id:3": 199,
      "sizeX:3": 24,
      "sizeY:3": 24,
      "x:3": -36,
      "y:3": 72
    },
    "39:10": {
      "id:3": 200,
      "sizeX:3": 24,
      "sizeY:3": 24,
      "x:3": -48,
      "y:3": -108
    },
    "40:10": {
      "id:3": 201,
      "sizeX:3": 24,
      "sizeY:3": 24,
      "x:3": 144,
      "y:3": -12
    },
    "41:10": {
      "id:3": 279,
      "sizeX:3": 24,
      "sizeY:3": 24,
      "x:3": 204,
      "y:3": -84
    },
    "42:10": {
      "id:3": 611,
      "sizeX:3": 24,
      "sizeY:3": 24,
      "x:3": 204,
      "y:3": 132
    },
    "43:10": {
      "id:3": 641,
      "sizeX:3": 24,
      "sizeY:3": 24,
      "x:3": 84,
      "y:3": -108
    },
    "44:10": {
      "id:3": 634749913,
      "sizeX:3": 24,
      "sizeY:3": 24,
      "x:3": -216,
      "y:3": -84
    }
  }
}