{
  "lineID:3": 2072597937,
  "order:3": 1,
  "properties:10": {
    "betterquesting:10": {
      "desc:8": "神秘时代注魔与邪术部分！",
      "icon:10": {
        "Count:3": 1,
        "Damage:2": 6,
        "id:8": "thaumcraft:curio"
      },
      "name:8": "2.第二章:注魔进阶与邪术"
    }
  },
  "quests:9": {
    "0:10": {
      "id:3": 238,
      "sizeX:3": 24,
      "sizeY:3": 24,
      "x:3": -60,
      "y:3": -48
    },
    "1:10": {
      "id:3": 239,
      "sizeX:3": 24,
      "sizeY:3": 24,
      "x:3": -12,
      "y:3": 0
    },
    "2:10": {
      "id:3": 242,
      "sizeX:3": 24,
      "sizeY:3": 24,
      "x:3": 48,
      "y:3": -48
    },
    "3:10": {
      "id:3": 243,
      "sizeX:3": 24,
      "sizeY:3": 24,
      "x:3": -156,
      "y:3": -48
    },
    "4:10": {
      "id:3": 244,
      "sizeX:3": 24,
      "sizeY:3": 24,
      "x:3": -108,
      "y:3": -144
    },
    "5:10": {
      "id:3": 245,
      "sizeX:3": 24,
      "sizeY:3": 24,
      "x:3": -12,
      "y:3": -96
    },
    "6:10": {
      "id:3": 246,
      "sizeX:3": 24,
      "sizeY:3": 24,
      "x:3": 36,
      "y:3": 0
    },
    "7:10": {
      "id:3": 251,
      "sizeX:3": 24,
      "sizeY:3": 24,
      "x:3": 36,
      "y:3": 48
    },
    "8:10": {
      "id:3": 254,
      "sizeX:3": 24,
      "sizeY:3": 24,
      "x:3": -12,
      "y:3": 48
    },
    "9:10": {
      "id:3": 256,
      "sizeX:3": 24,
      "sizeY:3": 24,
      "x:3": -60,
      "y:3": -96
    },
    "10:10": {
      "id:3": 257,
      "sizeX:3": 24,
      "sizeY:3": 24,
      "x:3": -60,
      "y:3": -144
    },
    "11:10": {
      "id:3": 261,
      "sizeX:3": 24,
      "sizeY:3": 24,
      "x:3": -156,
      "y:3": -144
    },
    "12:10": {
      "id:3": 264,
      "sizeX:3": 24,
      "sizeY:3": 24,
      "x:3": -156,
      "y:3": -96
    },
    "13:10": {
      "id:3": 270,
      "sizeX:3": 24,
      "sizeY:3": 24,
      "x:3": -108,
      "y:3": -48
    },
    "14:10": {
      "id:3": 273,
      "sizeX:3": 24,
      "sizeY:3": 24,
      "x:3": -108,
      "y:3": -96
    },
    "15:10": {
      "id:3": 277,
      "sizeX:3": 24,
      "sizeY:3": 24,
      "x:3": 156,
      "y:3": -108
    },
    "16:10": {
      "id:3": 279,
      "sizeX:3": 24,
      "sizeY:3": 24,
      "x:3": 156,
      "y:3": 12
    },
    "17:10": {
      "id:3": 281,
      "sizeX:3": 24,
      "sizeY:3": 24,
      "x:3": 108,
      "y:3": -48
    },
    "18:10": {
      "id:3": 288,
      "sizeX:3": 24,
      "sizeY:3": 24,
      "x:3": 156,
      "y:3": -48
    },
    "19:10": {
      "id:3": 293,
      "sizeX:3": 24,
      "sizeY:3": 24,
      "x:3": 228,
      "y:3": -72
    },
    "20:10": {
      "id:3": 298,
      "sizeX:3": 24,
      "sizeY:3": 24,
      "x:3": 288,
      "y:3": -24
    },
    "21:10": {
      "id:3": 301,
      "sizeX:3": 24,
      "sizeY:3": 24,
      "x:3": 228,
      "y:3": -24
    },
    "22:10": {
      "id:3": 303,
      "sizeX:3": 24,
      "sizeY:3": 24,
      "x:3": 288,
      "y:3": 24
    },
    "23:10": {
      "id:3": 304,
      "sizeX:3": 24,
      "sizeY:3": 24,
      "x:3": 228,
      "y:3": 24
    },
    "24:10": {
      "id:3": 309,
      "sizeX:3": 24,
      "sizeY:3": 24,
      "x:3": 48,
      "y:3": -108
    },
    "25:10": {
      "id:3": 310,
      "sizeX:3": 24,
      "sizeY:3": 24,
      "x:3": 288,
      "y:3": 72
    },
    "26:10": {
      "id:3": 526,
      "sizeX:3": 24,
      "sizeY:3": 24,
      "x:3": -12,
      "y:3": -144
    },
    "27:10": {
      "id:3": 530,
      "sizeX:3": 24,
      "sizeY:3": 24,
      "x:3": -60,
      "y:3": 48
    },
    "28:10": {
      "id:3": 531,
      "sizeX:3": 24,
      "sizeY:3": 24,
      "x:3": -108,
      "y:3": 96
    },
    "29:10": {
      "id:3": 539,
      "sizeX:3": 24,
      "sizeY:3": 24,
      "x:3": -60,
      "y:3": 96
    },
    "30:10": {
      "id:3": 541,
      "sizeX:3": 24,
      "sizeY:3": 24,
      "x:3": -12,
      "y:3": 96
    },
    "31:10": {
      "id:3": 543,
      "sizeX:3": 24,
      "sizeY:3": 24,
      "x:3": -108,
      "y:3": 0
    },
    "32:10": {
      "id:3": 601,
      "sizeX:3": 24,
      "sizeY:3": 24,
      "x:3": -108,
      "y:3": 48
    },
    "33:10": {
      "id:3": 602,
      "sizeX:3": 24,
      "sizeY:3": 24,
      "x:3": -156,
      "y:3": 96
    },
    "34:10": {
      "id:3": 603,
      "sizeX:3": 24,
      "sizeY:3": 24,
      "x:3": -156,
      "y:3": 48
    },
    "35:10": {
      "id:3": 604,
      "sizeX:3": 24,
      "sizeY:3": 24,
      "x:3": -156,
      "y:3": 0
    }
  }
}