{
  "lineID:3": 2107839897,
  "order:3": 4,
  "properties:10": {
    "betterquesting:10": {
      "desc:8": "你必须在意它们，不然它们就会强制你重视！",
      "icon:10": {
        "Count:3": 1,
        "id:8": "thaumicaugmentation:rift_seed",
        "tag:10": {
          "grown:1": 1,
          "riftSize:3": 100
        }
      },
      "name:8": "5.腐化，扭曲和那些烦人的东西"
    }
  },
  "quests:9": {
    "0:10": {
      "id:3": 25,
      "sizeX:3": 24,
      "sizeY:3": 24,
      "x:3": 156,
      "y:3": -216
    },
    "1:10": {
      "id:3": 44,
      "sizeX:3": 24,
      "sizeY:3": 24,
      "x:3": 240,
      "y:3": -84
    },
    "2:10": {
      "id:3": 45,
      "sizeX:3": 24,
      "sizeY:3": 24,
      "x:3": 192,
      "y:3": -36
    },
    "3:10": {
      "id:3": 46,
      "sizeX:3": 24,
      "sizeY:3": 24,
      "x:3": 228,
      "y:3": -216
    },
    "4:10": {
      "id:3": 60,
      "sizeX:3": 24,
      "sizeY:3": 24,
      "x:3": -60,
      "y:3": -36
    },
    "5:10": {
      "id:3": 68,
      "sizeX:3": 24,
      "sizeY:3": 24,
      "x:3": -108,
      "y:3": -36
    },
    "6:10": {
      "id:3": 75,
      "sizeX:3": 24,
      "sizeY:3": 24,
      "x:3": -12,
      "y:3": -36
    },
    "7:10": {
      "id:3": 78,
      "sizeX:3": 24,
      "sizeY:3": 24,
      "x:3": -60,
      "y:3": -84
    },
    "8:10": {
      "id:3": 81,
      "sizeX:3": 24,
      "sizeY:3": 24,
      "x:3": 36,
      "y:3": -36
    },
    "9:10": {
      "id:3": 83,
      "sizeX:3": 24,
      "sizeY:3": 24,
      "x:3": 84,
      "y:3": -72
    },
    "10:10": {
      "id:3": 87,
      "sizeX:3": 24,
      "sizeY:3": 24,
      "x:3": 84,
      "y:3": 0
    },
    "11:10": {
      "id:3": 95,
      "sizeX:3": 24,
      "sizeY:3": 24,
      "x:3": -60,
      "y:3": -132
    },
    "12:10": {
      "id:3": 107,
      "sizeX:3": 24,
      "sizeY:3": 24,
      "x:3": -12,
      "y:3": -132
    },
    "13:10": {
      "id:3": 113,
      "sizeX:3": 24,
      "sizeY:3": 24,
      "x:3": -108,
      "y:3": -132
    },
    "14:10": {
      "id:3": 114,
      "sizeX:3": 24,
      "sizeY:3": 24,
      "x:3": -60,
      "y:3": -180
    },
    "15:10": {
      "id:3": 116,
      "sizeX:3": 24,
      "sizeY:3": 24,
      "x:3": 192,
      "y:3": -132
    },
    "16:10": {
      "id:3": 117,
      "sizeX:3": 24,
      "sizeY:3": 24,
      "x:3": 192,
      "y:3": -84
    },
    "17:10": {
      "id:3": 118,
      "sizeX:3": 24,
      "sizeY:3": 24,
      "x:3": 240,
      "y:3": -132
    },
    "18:10": {
      "id:3": 119,
      "sizeX:3": 24,
      "sizeY:3": 24,
      "x:3": 144,
      "y:3": -144
    },
    "19:10": {
      "id:3": 128,
      "sizeX:3": 24,
      "sizeY:3": 24,
      "x:3": 84,
      "y:3": -180
    },
    "20:10": {
      "id:3": 143,
      "sizeX:3": 24,
      "sizeY:3": 24,
      "x:3": 84,
      "y:3": -108
    },
    "21:10": {
      "id:3": 148,
      "sizeX:3": 24,
      "sizeY:3": 24,
      "x:3": 192,
      "y:3": -168
    },
    "22:10": {
      "id:3": 154,
      "sizeX:3": 24,
      "sizeY:3": 24,
      "x:3": 192,
      "y:3": -216
    },
    "23:10": {
      "id:3": 166,
      "sizeX:3": 24,
      "sizeY:3": 24,
      "x:3": 144,
      "y:3": -96
    }
  }
}