{
  "lineID:3": 85892271,
  "order:3": 2,
  "properties:10": {
    "betterquesting:10": {
      "desc:8": "灵宝，元动与那些终结神秘的东西",
      "icon:10": {
        "Count:3": 1,
        "Damage:2": 3,
        "id:8": "thaumictinkerer:kamiresource"
      },
      "name:8": "3.第三章:神秘揭谛"
    }
  },
  "quests:9": {
    "0:10": {
      "id:3": 609,
      "sizeX:3": 24,
      "sizeY:3": 24,
      "x:3": -84,
      "y:3": -120
    },
    "1:10": {
      "id:3": 612,
      "sizeX:3": 24,
      "sizeY:3": 24,
      "x:3": -60,
      "y:3": -156
    },
    "2:10": {
      "id:3": 613,
      "sizeX:3": 24,
      "sizeY:3": 24,
      "x:3": -48,
      "y:3": -120
    },
    "3:10": {
      "id:3": 614,
      "sizeX:3": 24,
      "sizeY:3": 24,
      "x:3": -156,
      "y:3": -72
    },
    "4:10": {
      "id:3": 615,
      "sizeX:3": 24,
      "sizeY:3": 24,
      "x:3": -180,
      "y:3": 0
    },
    "5:10": {
      "id:3": 617,
      "sizeX:3": 24,
      "sizeY:3": 24,
      "x:3": -204,
      "y:3": -36
    },
    "6:10": {
      "id:3": 618,
      "sizeX:3": 24,
      "sizeY:3": 24,
      "x:3": -120,
      "y:3": -84
    },
    "7:10": {
      "id:3": 619,
      "sizeX:3": 24,
      "sizeY:3": 24,
      "x:3": -84,
      "y:3": -72
    },
    "8:10": {
      "id:3": 623,
      "sizeX:3": 24,
      "sizeY:3": 24,
      "x:3": -48,
      "y:3": -36
    },
    "9:10": {
      "id:3": 624,
      "sizeX:3": 24,
      "sizeY:3": 24,
      "x:3": 24,
      "y:3": -36
    },
    "10:10": {
      "id:3": 625,
      "sizeX:3": 24,
      "sizeY:3": 24,
      "x:3": -108,
      "y:3": -156
    },
    "11:10": {
      "id:3": 626,
      "sizeX:3": 24,
      "sizeY:3": 24,
      "x:3": -12,
      "y:3": -72
    },
    "12:10": {
      "id:3": 627,
      "sizeX:3": 24,
      "sizeY:3": 24,
      "x:3": -48,
      "y:3": 0
    },
    "13:10": {
      "id:3": 628,
      "sizeX:3": 24,
      "sizeY:3": 24,
      "x:3": -12,
      "y:3": -36
    },
    "14:10": {
      "id:3": 629,
      "sizeX:3": 24,
      "sizeY:3": 24,
      "x:3": -132,
      "y:3": 0
    },
    "15:10": {
      "id:3": 631,
      "sizeX:3": 24,
      "sizeY:3": 24,
      "x:3": -12,
      "y:3": -120
    },
    "16:10": {
      "id:3": 632,
      "sizeX:3": 24,
      "sizeY:3": 24,
      "x:3": -156,
      "y:3": -36
    },
    "17:10": {
      "id:3": 633,
      "sizeX:3": 24,
      "sizeY:3": 24,
      "x:3": -120,
      "y:3": -120
    },
    "18:10": {
      "id:3": 634,
      "sizeX:3": 24,
      "sizeY:3": 24,
      "x:3": -108,
      "y:3": -36
    },
    "19:10": {
      "id:3": 635,
      "sizeX:3": 24,
      "sizeY:3": 24,
      "x:3": 60,
      "y:3": -36
    },
    "20:10": {
      "id:3": 637,
      "sizeX:3": 24,
      "sizeY:3": 24,
      "x:3": -12,
      "y:3": 0
    },
    "21:10": {
      "id:3": 638,
      "sizeX:3": 24,
      "sizeY:3": 24,
      "x:3": 24,
      "y:3": 0
    },
    "22:10": {
      "id:3": 639,
      "sizeX:3": 24,
      "sizeY:3": 24,
      "x:3": 24,
      "y:3": -72
    },
    "23:10": {
      "id:3": 640,
      "sizeX:3": 24,
      "sizeY:3": 24,
      "x:3": 36,
      "y:3": -120
    },
    "24:10": {
      "id:3": 675735795,
      "sizeX:3": 24,
      "sizeY:3": 24,
      "x:3": 84,
      "y:3": -84
    }
  }
}