[
	{
        "key": "ADVANCED_SMELTER",
        "ops": [
			{
				"op": "replace",
				"path": "location/0",
				"value": "12"
			},
			{
				"op": "replace",
				"path": "location/1",
				"value": "2"
			},
			{
				"op": "replace",
				"path": "category",
				"value": "ALCHEMY"
			}
        ]
	},
	{
        "key": "ALCHEMY_GRATE",
        "ops": [
			{
				"op": "replace",
				"path": "location/0",
				"value": "4"
			},
			{
				"op": "replace",
				"path": "location/1",
				"value": "-3"
			},
			{
				"op": "replace",
				"path": "category",
				"value": "ARTIFICE"
			},
			{
				"op": "add",
				"path": "parents/2",
				"value": "ITEM_GRATE"
			
			}
        ]
	}
]