[
	{
        "key": "GLASS_TUBE",
        "ops": [
			{
				"op": "replace",
				"path": "location/0",
				"value": "6"
			},
			{
				"op": "replace",
				"path": "location/1",
				"value": "0"
			},
			{
				"op": "replace",
				"path": "category",
				"value": "ALCHEMY"
			},
			{
				"op": "remove",
				"path": "parents/1"
			},
			{
				"op": "replace",
				"path": "parents/0",
				"value": "TUBES"
			},
			{
				"op": "add",
				"path": "parents/1",
				"value": "ESSENTIASMELTERTHAUMIUM"
			
			}
        ]
	},
	{
        "key": "BOTTLETAINT",
        "ops": [
			{
				"op": "replace",
				"path": "location/0",
				"value": "-4"
			},
			{
				"op": "replace",
				"path": "location/1",
				"value": "-2"
			}
        ]
	},
	{
        "key": "METALPURIFICATION",
        "ops": [
			{
				"op": "replace",
				"path": "location/1",
				"value": "5"
			}
        ]
	},
	{
        "key": "ESSENTIASMELTERTHAUMIUM",
        "ops": [
			{
				"op": "replace",
				"path": "parents/1",
				"value": "~METALLURGY@3"
			}
        ]
	},
	{
        "key": "ESSENTIASMELTERVOID",
        "ops": [
			{
				"op": "replace",
				"path": "location/0",
				"value": "10"
			},
			{
				"op": "replace",
				"path": "location/1",
				"value": "2"
			}
        ]
	},
	{
        "key": "BATHSALTS",
        "ops": [
			{
				"op": "replace",
				"path": "location/0",
				"value": "-6"
			},
			{
				"op": "replace",
				"path": "location/1",
				"value": "-2"
			}
        ]
	},
	{
        "key": "SANESOAP",
        "ops": [
			{
				"op": "replace",
				"path": "location/0",
				"value": "-7"
			},
			{
				"op": "replace",
				"path": "location/1",
				"value": "-4"
			},
			{
				"op": "add",
				"path": "meta",
				"value": ["REVERSE"]
			}
        ]
	},
	{
        "key": "ARCANESPA",
        "ops": [
			{
				"op": "add",
				"path": "meta",
				"value": ["REVERSE"]
			}
        ]
	},
	{
        "key": "POTIONSPRAYER",
        "ops": [
			{
				"op": "replace",
				"path": "location/0",
				"value": "-6"
			},
			{
				"op": "replace",
				"path": "location/1",
				"value": "-10"
			},
			{
				"op": "replace",
				"path": "parents/0",
				"value": "BATHSALTS"
			}
		]
	}
]