[
	{
        "key": "CASTEREMBER",
        "ops": [
			{
				"op": "replace",
				"path": "location/0",
				"value": "3"
			},
			{
				"op": "replace",
				"path": "location/1",
				"value": "-4"
			},
			{
				"op": "replace",
				"path": "category",
				"value": "AUROMANCY"
			},
			{
				"op": "remove",
				"path": "parents/0"
			},
			{
				"op": "replace",
				"path": "parents/0",
				"value": "GAUNTLET_THAUMIUM"
			}
        ]
    },
	{
        "key": "FOCUSGREATER",
        "ops": [
			{
				"op": "replace",
				"path": "location/0",
				"value": "4"
			},
			{
				"op": "replace",
				"path": "location/1",
				"value": "-2"
			}
        ]
    }

]