[
	{
        "key": "EG_MATSTUDTREATEDWOOD",
        "ops": [
			{
				"op": "replace",
				"path": "location/0",
				"value": "-2"
			},
			{
				"op": "replace",
				"path": "location/1",
				"value": "-2"
			},
			{
				"op": "replace",
				"path": "category",
				"value": "GOLEMANCY"
			},
			{
				"op": "remove",
				"path": "parents/1"
			}
        ]
	},
	{
        "key": "EG_MATSTUDSTEEL",
        "ops": [
			{
				"op": "replace",
				"path": "location/0",
				"value": "-1"
			},
			{
				"op": "replace",
				"path": "location/1",
				"value": "-3"
			},
			{
				"op": "replace",
				"path": "category",
				"value": "GOLEMANCY"
			},
			{
				"op": "remove",
				"path": "parents/1"
			},
			{
				"op": "add",
				"path": "meta",
				"value": [REVERSE]
			}
        ]
	},
	{
        "key": "EG_DAPPER",
        "ops": [
			{
				"op": "replace",
				"path": "location/0",
				"value": "1"
			},
			{
				"op": "replace",
				"path": "location/1",
				"value": "-3"
			},
			{
				"op": "replace",
				"path": "category",
				"value": "GOLEMANCY"
			}
        ]
	}

]