[
	{
        "key": "EA_MIMICFORK",
        "ops": [
			{
				"op": "replace",
				"path": "location/0",
				"value": "-4"
			},
			{
				"op": "replace",
				"path": "location/1",
				"value": "-4"
			},
			{
				"op": "replace",
				"path": "parents/0",
				"value": "ARCANEEAR"
			},
			{
				"op": "replace",
				"path": "category",
				"value": "ARTIFICE"
			}
        ]
	},
	{
        "key": "EA_UPGRADEREFINING",
        "ops": [
			{
				"op": "replace",
				"path": "location/0",
				"value": "-8"
			},
			{
				"op": "replace",
				"path": "location/1",
				"value": "3"
			},
			{
				"op": "replace",
				"path": "parents/0",
				"value": "INFUSIONENCHANTMENT"
			},
			{
				"op": "replace",
				"path": "category",
				"value": "INFUSION"
			},
			{
				"op": "add",
				"path": "meta",
				"value": []
			}
        ]
	},
	{
        "key": "EA_SEALSHEAR",
        "ops": [
			{
				"op": "replace",
				"path": "location/0",
				"value": "-12"
			},
			{
				"op": "replace",
				"path": "location/1",
				"value": "8"
			},
			{
				"op": "remove",
				"path": "parents/1"
			},
			{
				"op": "replace",
				"path": "parents/0",
				"value": "SEALBUTCHER"
			},
			{
				"op": "replace",
				"path": "category",
				"value": "GOLEMANCY"
			}
        ]
	},
	{
        "key": "EA_BASE",
        "ops": [
			{
				"op": "remove",
				"path": "key"
			}
        ]
	},
	{
        "key": "EA_ALCHEMY",
        "ops": [
			{
				"op": "remove",
				"path": "key"
			}
        ]
	},
	{
        "key": "EA_ARTIFICE",
        "ops": [
			{
				"op": "remove",
				"path": "key"
			}
        ]
	},
	{
        "key": "EA_GOLEMANCY",
        "ops": [
			{
				"op": "remove",
				"path": "key"
			}
        ]
	},
	{
        "key": "EA_INFUSION",
        "ops": [
			{
				"op": "remove",
				"path": "key"
			}
        ]
	},
	{
        "key": "EA_METALPURIFICATION_IE",
        "ops": [
			{
				"op": "replace",
				"path": "location/0",
				"value": [0, 7]
			},
			{
				"op": "replace",
				"path": "parents/0",
				"value": "METALPURIFICATION@1"
			},
			{
				"op": "replace",
				"path": "category",
				"value": "ALCHEMY"
			},
			{
				"op": "add",
				"path": "meta",
				"value": ["REVERSE", "ROUND"]
			}
        ]
	}
]