[
	{
        "key": "EA_UPGRADEREFINING",
        "ops": [
			{
				"op": "replace",
				"path": "location/0",
				"value": "-8"
			},
			{
				"op": "replace",
				"path": "location/1",
				"value": "3"
			},
			{
				"op": "replace",
				"path": "category",
				"value": "INFUSION"
			},
			{
				"op": "remove",
				"path": "parents/1"
			},
			{
				"op": "replace",
				"path": "parents/0",
				"value": "INFUSIONENCHANTMENT"
			},
			{
				"op": "replace",
				"path": "key",
				"value": "EA_IEUPGREFINING"
			}
        ]
	},
	{
        "key": "EA_METALPURIFICATION_IE",
        "ops": [
			{
				"op": "replace",
				"path": "location/0",
				"value": "4"
			},
			{
				"op": "replace",
				"path": "location/1",
				"value": "3"
			},
			{
				"op": "replace",
				"path": "category",
				"value": "ALCHEMY"
			},
			{
				"op": "replace",
				"path": "key",
				"value": "EA_METAL_PURIFICATION_IE"
			}
        ]
	}


]