[
	{
        "key": "VISPHYLACTERY",
        "ops": [
			{
				"op": "replace",
				"path": "location/0",
				"value": "-6"
			},
			{
				"op": "replace",
				"path": "location/1",
				"value": "4"
			},
			{
				"op": "remove",
				"path": "parents/0"
			},
			{
				"op": "replace",
				"path": "category",
				"value": "AUROMANCY"
			}
        ]
	},
	{
        "key": "MAGICQUIVER",
        "ops": [
			{
				"op": "replace",
				"path": "location/0",
				"value": "-4"
			},
			{
				"op": "replace",
				"path": "location/1",
				"value": "5"
			},
			{
				"op": "replace",
				"path": "parents/2",
				"value": "ELEMENTALTOOLS"
			},
			{
				"op": "remove",
				"path": "parents/0"
			},
			{
				"op": "replace",
				"path": "category",
				"value": "INFUSION"
			},
			{
			  "op": "add",
			  "path": "meta",
			  "value": [
				"REVERSE"
			  ]
			}
        ]
	},
	{
        "key": "MALIGNANTHEART",
        "ops": [
			{
				"op": "replace",
				"path": "location/0",
				"value": "4"
			},
			{
				"op": "replace",
				"path": "location/1",
				"value": "0"
			},
			{
				"op": "remove",
				"path": "parents/0"
			},
			{
				"op": "replace",
				"path": "category",
				"value": "INFUSION"
			}
        ]
	},
	{
        "key": "PAULDRONREPULSION",
        "ops": [
			{
				"op": "replace",
				"path": "location/0",
				"value": "2"
			},
			{
				"op": "replace",
				"path": "location/1",
				"value": "0"
			},
			{
				"op": "replace",
				"path": "parents/0",
				"value": "CLOUDRING"
			},
			{
				"op": "replace",
				"path": "category",
				"value": "INFUSION"
			}
        ]
	},
	{
        "key": "BASEPERIPHERY",
        "ops": [
			{
				"op": "remove",
				"path": "key"
			}
        ]
	}
]