[
  {
    "key": "PA_ALKIMIUM",
    "ops": [
      {
        "op": "replace",
        "path": "location/0",
        "value": "4"
      },
      {
        "op": "replace",
        "path": "location/1",
        "value": "4"
      },
      {
        "op": "replace",
        "path": "category",
        "value": "ALCHEMY"
      },
      {
        "op": "add",
        "path": "meta",
        "value": [
          "REVERSE"
        ]
      }
    ]
  },
  {
    "key": "PA_ALCHEMICAL_SCRIBING_TOOLS",
    "ops": [
      {
        "op": "replace",
        "path": "location/0",
        "value": "5"
      },
      {
        "op": "replace",
        "path": "location/1",
        "value": "5"
      },
      {
        "op": "add",
        "path": "parents",
        "value": [
          "PA_ALKIMIUM"
        ]
      },
      {
        "op": "replace",
        "path": "category",
        "value": "ALCHEMY"
      }
    ]
  },
  {
    "key": "PA_ALKIMIUM_APPLICATIONS",
    "ops": [
      {
        "op": "replace",
        "path": "location/0",
        "value": "5"
      },
      {
        "op": "replace",
        "path": "location/1",
        "value": "2"
      },
      {
        "op": "replace",
        "path": "category",
        "value": "ALCHEMY"
      },
      {
        "op": "replace",
        "path": "stages",
        "value": [
          {
            "text": "planarartifice.research.alkimium_applications.stage.1.text",
            "required_knowledge": [
              "THEORY;ALCHEMY;1"
            ]
          },
          {
            "text": "planarartifice.research.alkimium_applications.stage.2.text",
            "required_craft": [
              "thaumcraft:centrifuge"
            ],
            "required_knowledge": [
              "THEORY;ARTIFICE;1",
              "THEORY;ALCHEMY;1"
            ],
            "recipes": [
              "planarartifice:alkimium_smeltery",
              "planarartifice:alchemical_alkimium_construct"
            ]
          },
          {
            "text": "planarartifice.research.alkimium_applications.complete.text",
            "recipes": [
              "planarartifice:alkimium_smeltery",
              "planarartifice:alchemical_alkimium_construct",
              "planarartifice:alkimium_centrifuge"
            ]
          }
        ]
      }
    ]
  },
  {
    "key": "PA_ALKIMIUM_GOGGLES",
    "ops": [
      {
        "op": "replace",
        "path": "location/0",
        "value": "-1"
      },
      {
        "op": "replace",
        "path": "location/1",
        "value": "-1"
      },
      {
        "op": "add",
        "path": "parents/1",
        "value": "BASEARTIFICE"
      },
      {
        "op": "replace",
        "path": "category",
        "value": "ARTIFICE"
      }
    ]
  },
  {
    "key": "PA_ALKIMIUM_DISTILLATION",
    "ops": [
      {
        "op": "replace",
        "path": "location/0",
        "value": "4"
      },
      {
        "op": "replace",
        "path": "location/1",
        "value": "-6"
      },
      {
        "op": "replace",
        "path": "category",
        "value": "ALCHEMY"
      },
      {
        "op": "add",
        "path": "parents",
        "value": [
          "IMPROVEDSMELTING",
          "IMPROVEDSMELTING2",
          "~PA_ALKIMIUM_APPLICATIONS"
        ]
      },
      {
        "op": "add",
        "path": "meta",
        "value": [
          "REVERSE"
        ]
      }
    ]
  },
  {
    "key": "PA_MATSTUDY_ALKIMIUM",
    "ops": [
      {
        "op": "replace",
        "path": "location/0",
        "value": "-5"
      },
      {
        "op": "replace",
        "path": "location/1",
        "value": "-3"
      },
      {
        "op": "replace",
        "path": "category",
        "value": "GOLEMANCY"
      },
      {
        "op": "add",
        "path": "parents",
        "value": [
          "PA_ALKIMIUM_GOGGLES",
          "PA_ALKIMIUM_DISTILLATION",
          "MATSTUDBRASS"
        ]
      },
      {
        "op": "add",
        "path": "meta",
        "value": [
          "ROUND",
          "HIDDEN"
        ]
      }
    ]
  },
  {
    "key": "PA_ALKIMIUM_THAUMIUM_SMELTERY",
    "ops": [
      {
        "op": "replace",
        "path": "location/0",
        "value": "8"
      },
      {
        "op": "replace",
        "path": "location/1",
        "value": "2"
      },
      {
        "op": "replace",
        "path": "category",
        "value": "ALCHEMY"
      }
    ]
  },
  {
    "key": "PA_ALKIMIUM_VOID_SMELTERY",
    "ops": [
      {
        "op": "replace",
        "path": "location/0",
        "value": "9"
      },
      {
        "op": "replace",
        "path": "location/1",
        "value": "4"
      },
      {
        "op": "replace",
        "path": "category",
        "value": "ALCHEMY"
      },
      {
        "op": "add",
        "path": "meta",
        "value": [
          "REVERSE",
          "HIDDEN"
        ]
      }
    ]
  },
  {
    "key": "!Portal",
    "ops": [
      {
        "op": "replace",
        "path": "location/0",
        "value": "-6"
      },
      {
        "op": "replace",
        "path": "location/1",
        "value": "-2"
      },
      {
        "op": "replace",
        "path": "category",
        "value": "BASICS"
      }
    ]
  },
  {
    "key": "PA_DIMENSIONAL_SINGULARITY",
    "ops": [
      {
        "op": "replace",
        "path": "location/0",
        "value": "-6"
      },
      {
        "op": "replace",
        "path": "location/1",
        "value": "-5"
      },
      {
        "op": "replace",
        "path": "category",
        "value": "BASICS"
      }
    ]
  },
  {
    "key": "PA_MIRROR_TELEPORTER",
    "ops": [
      {
        "op": "replace",
        "path": "location/0",
        "value": "-6"
      },
      {
        "op": "replace",
        "path": "location/1",
        "value": "2"
      },
      {
        "op": "replace",
        "path": "category",
        "value": "ARTIFICE"
      }
    ]
  },
  {
    "key": "PA_MIRRORED_AMULET",
    "ops": [
      {
        "op": "replace",
        "path": "location/0",
        "value": "-6"
      },
      {
        "op": "replace",
        "path": "location/1",
        "value": "-2"
      },
      {
        "op": "replace",
        "path": "category",
        "value": "ARTIFICE"
      },
      {
        "op": "replace",
        "path": "stages",
        "value": [
          {
            "text": "planarartifice.research.mirrored_amulet.stage.1.text",
            "required_knowledge": [
              "THEORY;ARTIFICE;2",
              "THEORY;BASICS;3"
            ]
          },
          {
            "text": "planarartifice.research.mirrored_amulet.complete.text",
            "recipes": [
              "planarartifice:mirrored_amulet",
              "planarartifice:mirrored_amulet2"
            ]
          }
        ]
      }
    ]
  },
  {
    "key": "PA_BISMUTH",
    "ops": [
      {
        "op": "replace",
        "path": "location/0",
        "value": "6"
      },
      {
        "op": "replace",
        "path": "location/1",
        "value": "4"
      },
      {
        "op": "replace",
        "path": "category",
        "value": "ALCHEMY"
      }
    ]
  },
  {
    "key": "PA_FLUX_SCRUBBER",
    "ops": [
      {
        "op": "replace",
        "path": "location/0",
        "value": "-4"
      },
      {
        "op": "replace",
        "path": "location/1",
        "value": "-4"
      },
      {
        "op": "replace",
        "path": "category",
        "value": "BASICS"
      },
      {
        "op": "add",
        "path": "parents",
        "value": [
          "PA_BISMUTH",
          "FLUX",
          "!Portal"
        ]
      },
      {
        "op": "add",
        "path": "meta",
        "value": [
          "REVERSE",
          "HIDDEN"
        ]
      }
    ]
  },
  {
    "key": "PA_BELT_OF_SUSPENSION",
    "ops": [
      {
        "op": "replace",
        "path": "location/0",
        "value": "0"
      },
      {
        "op": "replace",
        "path": "location/1",
        "value": "8"
      },
      {
        "op": "replace",
        "path": "category",
        "value": "ARTIFICE"
      },
      {
        "op": "add",
        "path": "meta",
        "value": [
          "REVERSE",
          "HIDDEN"
        ]
      },
      {
        "op": "replace",
        "path": "stages",
        "value": [
          {
            "text": "planarartifice.research.belt_of_suspension.stage.1.text",
            "required_knowledge": [
              "THEORY;ARTIFICE;1"
            ]
          },
          {
            "text": "planarartifice.research.belt_of_suspension.complete.text",
            "recipes": [
              "planarartifice:belt_of_suspension"
            ]
          }
        ]
      }
    ]
  },
  {
    "key": "PA_MIRROMIROUS_HEADBAND",
    "ops": [
      {
        "op": "replace",
        "path": "location/0",
        "value": "5"
      },
      {
        "op": "replace",
        "path": "location/1",
        "value": "3"
      },
      {
        "op": "replace",
        "path": "category",
        "value": "INFUSION"
      },
      {
        "op": "replace",
        "path": "stages",
        "value": [
          {
            "text": "planarartifice.research.mirromirous_headband.stage.1.text",
            "required_item": [
              "thaumcraft:curio;1;1"
            ],
            "required_knowledge": [
              "THEORY;INFUSION;1"
            ]
          },
          {
            "text": "planarartifice.research.mirromirous_headband.complete.text",
            "recipes": [
              "planarartifice:mirromirous_headband"
            ]
          }
        ]
      }
    ]
  },
  {
    "key": "PA_FOCUS_LIGHT",
    "ops": [
      {
        "op": "replace",
        "path": "location/0",
        "value": "-2"
      },
      {
        "op": "replace",
        "path": "location/1",
        "value": "6"
      },
      {
        "op": "replace",
        "path": "category",
        "value": "AUROMANCY"
      },
      {
        "op": "add",
        "path": "meta",
        "value": [
          "REVERSE"
        ]
      }
    ]
  },
  {
    "key": "PA_BISMUTH_CASTERS_GAUNTLET",
    "ops": [
      {
        "op": "replace",
        "path": "location/0",
        "value": "-4"
      },
      {
        "op": "replace",
        "path": "location/1",
        "value": "6"
      },
      {
        "op": "replace",
        "path": "category",
        "value": "AUROMANCY"
      }
    ]
  },
  {
    "key": "PA_INFUSION_ENCHANTMENT_2",
    "ops": [
      {
        "op": "replace",
        "path": "location/0",
        "value": "-8"
      },
      {
        "op": "replace",
        "path": "location/1",
        "value": "3"
      },
      {
        "op": "replace",
        "path": "category",
        "value": "INFUSION"
      }
    ]
  },
  {
    "key": "PA_BUSH_ALCHEMY",
    "ops": [
      {
        "op": "remove",
        "path": "key"
      }
    ]
  },
  {
    "key": "PA_BUSH_ALCHEMY_CONJURING",
    "ops": [
      {
        "op": "remove",
        "path": "key"
      }
    ]
  },
  {
    "key": "PA_BUSH_ALCHEMY_METAL_1",
    "ops": [
      {
        "op": "remove",
        "path": "key"
      }
    ]
  },
  {
    "key": "PA_BUSH_ALCHEMY_METAL_BISMUTH",
    "ops": [
      {
        "op": "remove",
        "path": "key"
      }
    ]
  },
  {
    "key": "PA_RARE_ITEMS",
    "ops": [
      {
        "op": "replace",
        "path": "location/0",
        "value": "4"
      },
      {
        "op": "replace",
        "path": "location/1",
        "value": "4"
      },
      {
        "op": "replace",
        "path": "category",
        "value": "BASICS"
      },
      {
        "op": "replace",
        "path": "parents/0",
        "value": "~FIRSTSTEPS"
      },
      {
        "op": "add",
        "path": "meta",
        "value": [
          "HIDDEN"
        ]
      }
    ]
  },
  {
    "key": "PA_MAGIC_APPLE",
    "ops": [
      {
        "op": "replace",
        "path": "location/0",
        "value": "5"
      },
      {
        "op": "replace",
        "path": "location/1",
        "value": "3"
      },
      {
        "op": "replace",
        "path": "category",
        "value": "BASICS"
      },
      {
        "op": "add",
        "path": "meta",
        "value": [
          "HIDDEN",
          "REVERSE"
        ]
      }
    ]
  },
  {
    "key": "PA_STARVING_CHEST",
    "ops": [
      {
        "op": "replace",
        "path": "location/0",
        "value": "5"
      },
      {
        "op": "replace",
        "path": "location/1",
        "value": "5"
      },
      {
        "op": "replace",
        "path": "category",
        "value": "BASICS"
      },
      {
        "op": "add",
        "path": "meta",
        "value": [
          "HIDDEN",
          "REVERSE"
        ]
      }
    ]
  }
]