[
	{
        "key": "THAUMIC_AUGMENTATION_BASE",
        "ops": [
			{
				"op": "remove",
				"path": "key"
			}
		]
	},
	{
        "key": "MORE_AUROMANCY",
        "ops": [
			{
				"op": "remove",
				"path": "key"
			}
		]
	},
	{
        "key": "MORE_GOLEMANCY",
        "ops": [
			{
				"op": "remove",
				"path": "key"
			}
		]
	},
	{
		"key": "TBREW_BASE",
		"ops": [
			{
				"op": "remove",
				"path": "key"
			}
		]
	},
	{
		"key": "THAUMICGADGETS",
		"ops": [
			{
				"op": "remove",
				"path": "key"
			}
		]
	}
]