{
  "preRequisites:11": [
    27
  ],
  "properties:10": {
    "betterquesting:10": {
      "desc:8": "在神秘时代模组中,物品需要解锁对应的研究才能合成.\n如果您材料凑齐但却无法合成某种物品,请尝试解锁其对应的研究.\n\nQ:研究在哪里找?\nA:魔导手册,请打开你的魔导手册查看,也可以利用魔导手册左下角的搜索界面搜索你所要寻找的研究.\n\nQ:搜不到\nA:和旧版本minecraft的成就一样,神秘时代的研究也是逐步解锁的,以及某些研究需要通过特殊的条件解锁.\n\nQ:特殊条件是什么?\nA:扫描某种物品，前往某些维度等等.\n\nQ:JEI显示物品已经可以制作,为什么还是制作失败?\nA:JEI对于炼金合成的配方存在显示漏洞,会导致您在打开但未解锁研究的时候判定为您已经解锁这项研究,所以是否可以制作某种物品请以魔导手册为准.\n\nQ:要素种子无法制作\nA:要素种子由于破坏游戏体验,此包禁止使用及制作.",
      "icon:10": {
        "Count:3": 1,
        "id:8": "thaumcraft:arcane_workbench"
      },
      "name:8": "为什么我无法合成某种物品?"
    }
  },
  "questID:3": 56,
  "rewards:9": {
    "0:10": {
      "index:3": 0,
      "rewardID:8": "bq_standard:item",
      "rewards:9": {
        "0:10": {
          "Count:3": 1,
          "id:8": "thaumcraft:brain"
        }
      }
    }
  },
  "tasks:9": {
    "0:10": {
      "index:3": 0,
      "taskID:8": "bq_standard:checkbox"
    }
  }
}