{
  "preRequisites:11": [
    56
  ],
  "properties:10": {
    "betterquesting:10": {
      "desc:8": "1.注魔祭坛稳定性/符文矩阵为什么不转?\n用世界盐完成注魔祭坛的结构后需要再用法师护手右击激活符文矩阵才可以正常注魔.\n\n2.我的核心怎么打自己/为什么核心无法镶饰?\n符印是核心的“核心”部分，是构成法术的必要组件，分为三种:\n效果:决定了法术最终能产生什么效果，伤害还是治疗，破坏还是建造(虽然没有建造这一效果).\n媒介:决定了法术生效的媒介/弹道/方式.符印形状为六边形.\n调整:对前两种符印进行调整,目前只有三种,\n通过三者的组合可以产生或是实用或是有趣的法术,接下来将依次介绍每个符印的具体效用,\n\n\n3.怎么知道要素在哪种物品里有/怎么合成要素?\n请活用JEI,R键/左键查看合成表,U键/右键查看其可合成的物品前期要素只能通过源质离心机进行分解.\n\n4.为啥我家里经常出现一条黑黑的长长的东西啊，怎么消除它?\n咒波裂隙会在当前区域咒波污染过高时在附近生成,会破坏它接触的方块,伤害接触它的生物.\n裂隙会随时间慢慢增大最终自然消失,并有极高概率生成会散播腐化腐化孢子巢穴,需及时击杀以断绝腐化源头.\n人工消除腐化裂隙需解锁基础学中的悖论物质,其前置研究为灵气电池(再前置为结晶农场即扫描野生魔力水晶晶簇).\n注意:悖论物质炸裂缝时需在其完全消失之前远离,否则会增加大量扭曲值及debuff.\n\n5.如何清除咒波?\n(1)神秘原版的咒波凝结器\n(2)镜像学的咒波净化器，烧世界盐以极快速度消耗灵气清除咒波，比例为1.5：1.\n注:此方法见效快但治标不治本.\n(3).神秘奇境的咒波容器,是后期一个比较稳定的清理咒波方块,单个效率略低但极其稳定.",
      "icon:10": {
        "Count:3": 1,
        "id:8": "minecraft:fish"
      },
      "name:8": "新人常见问题"
    }
  },
  "questID:3": 58,
  "tasks:9": {
    "0:10": {
      "index:3": 0,
      "taskID:8": "bq_standard:checkbox"
    }
  }
}