{
  "preRequisites:11": [
    124
  ],
  "properties:10": {
    "betterquesting:10": {
      "desc:8": "充能基座，可以右键将使用vis充能的物品放入基座，然后自动从所在区块的灵气场中抽取vis来补充能量。当佩戴揭示之护目镜时，鼠标悬浮于其上可以查看物品内部的充能数。\n唯一的缺点是不支持奥术工作台充能器。",
      "icon:10": {
        "Count:3": 1,
        "id:8": "thaumcraft:recharge_pedestal"
      },
      "name:8": "充能"
    }
  },
  "questID:3": 163,
  "tasks:9": {
    "0:10": {
      "index:3": 0,
      "requiredItems:9": {
        "0:10": {
          "Count:3": 1,
          "id:8": "thaumcraft:recharge_pedestal"
        }
      },
      "taskID:8": "bq_standard:retrieval"
    }
  }
}