{
  "preRequisites:11": [
    124
  ],
  "properties:10": {
    "betterquesting:10": {
      "desc:8": "施术核心手袋，虽然属于饰品中的腰带，但是放在物品栏里同样可以产生功效。它主要是存储各种配置好的施术核心，避免占用物品栏空间。手持并右键打开GUI界面放入施术核心，最高可存储18个。并且内部的施术核心可以像存在于物品栏里一样供玩家快速更换，而无需打开。",
      "icon:10": {
        "Count:3": 1,
        "id:8": "thaumcraft:focus_pouch"
      },
      "name:8": "储存核心"
    }
  },
  "questID:3": 168,
  "tasks:9": {
    "0:10": {
      "index:3": 0,
      "requiredItems:9": {
        "0:10": {
          "Count:3": 1,
          "id:8": "thaumcraft:focus_pouch"
        }
      },
      "taskID:8": "bq_standard:retrieval"
    }
  }
}