{
  "preRequisites:11": [
    145
  ],
  "properties:10": {
    "betterquesting:10": {
      "desc:8": "冶炼厂可以插入一下几种升级\n1.附属黏浆泵：可以使可放置在冶炼厂的三个侧面，增加冶炼厂向奥术蒸馏器的输出接口，使源质冶炼更快、更高效。\n\n2.辅助排放口：放置在冶炼厂的三个侧面，将可能产生的咒波无害化，随着排放口的数量增多，增加的效果不断衰减。\n第一个排放口有33.3%的概率过滤掉产生的咒波。\n第二个排放口有22.2%的概率。\n第三个排放口有14.8%的概率。\n总共是70.3%。\n\n3.奥术风箱：将奥术风箱安装在安置在源质冶炼厂任意一侧，可以加快源质黏浆的分解速度。",
      "icon:10": {
        "Count:3": 1,
        "id:8": "thaumcraft:smelter_aux"
      },
      "name:8": "冶炼厂的升级"
    }
  },
  "questID:3": 178,
  "tasks:9": {
    "0:10": {
      "index:3": 0,
      "requiredItems:9": {
        "0:10": {
          "Count:3": 2,
          "id:8": "thaumcraft:smelter_aux"
        }
      },
      "taskID:8": "bq_standard:retrieval"
    },
    "1:10": {
      "index:3": 1,
      "requiredItems:9": {
        "0:10": {
          "Count:3": 1,
          "id:8": "thaumcraft:smelter_vent"
        }
      },
      "taskID:8": "bq_standard:retrieval"
    },
    "2:10": {
      "index:3": 2,
      "requiredItems:9": {
        "0:10": {
          "Count:3": 1,
          "id:8": "thaumcraft:bellows"
        }
      },
      "taskID:8": "bq_standard:retrieval"
    }
  }
}