{
  "preRequisites:11": [
    186
  ],
  "properties:10": {
    "betterquesting:10": {
      "desc:8": "这个小玩意会自动从周围灵气场中抽取vis来给佩戴者的快捷栏、饰品栏以及背包里的物品充能。\n充能速度虽然比充能基座慢，但是比充能基座方便携带，很适合给翠心指环这类东西充能。\n充能速度为4vis/秒。",
      "icon:10": {
        "Count:3": 1,
        "Damage:2": 1,
        "id:8": "thaumcraft:amulet_vis"
      },
      "name:8": "随身充电站"
    }
  },
  "questID:3": 192,
  "tasks:9": {}
}