{
  "preRequisites:11": [
    192
  ],
  "properties:10": {
    "betterquesting:10": {
      "desc:8": "得到翠心护符\n你可以将其升级为翠心指环再生和翠心指环续航两种升级\n续航会不断为你补充饱食度（饱和度不会补充），让你不用再在背包里储备食物；\n再生指环会中等速度的为你回血，使你能应对更多的怪物！\n三种翠心指环都能消耗充能来解除负面效果。",
      "icon:10": {
        "Count:3": 1,
        "id:8": "thaumcraft:verdant_charm"
      },
      "name:8": "不再饥饿"
    }
  },
  "questID:3": 193,
  "tasks:9": {
    "0:10": {
      "index:3": 0,
      "requiredItems:9": {
        "0:10": {
          "Count:3": 1,
          "id:8": "thaumcraft:verdant_charm"
        }
      },
      "taskID:8": "bq_standard:retrieval"
    }
  }
}