{
  "preRequisites:11": [
    192
  ],
  "properties:10": {
    "betterquesting:10": {
      "desc:8": "夜视护目镜在充能后可以得到无限的夜视效果，可以让你无需再在黑夜中迷茫！\n唯一的缺点是，它失去了揭示之护目镜的魔力减免和揭示效果...",
      "icon:10": {
        "Count:3": 1,
        "id:8": "thaumicwonders:night_vision_goggles"
      },
      "name:8": "看破黑夜"
    }
  },
  "questID:3": 196,
  "tasks:9": {
    "0:10": {
      "index:3": 0,
      "requiredItems:9": {
        "0:10": {
          "Count:3": 1,
          "id:8": "thaumicwonders:night_vision_goggles"
        }
      },
      "taskID:8": "bq_standard:retrieval"
    }
  }
}