{
  "preRequisites:11": [
    99
  ],
  "properties:10": {
    "betterquesting:10": {
      "desc:8": "想要解锁炼化学研究，你需要先完成金属炼成研究中的第二节：制作炼金黄铜锭，然后进入基础学界面（不是神秘基础学），点击研究发现：炼化学，然后扫描一个带有机械要素的物品（例如按钮），即可解锁炼化学篇章，以及解锁一个重要物品：揭示之护目镜的配方。\n\n虽然对于一些熟练的神秘使来说，这个东西在前期可有可无，不过对于大多数神秘使，尤其是刚入门的那些，建议现在就凑齐材料做一个，它可以显示坩埚/罐子/蒸馏器等存有源质的容器的内含要素数量。也可以观察注魔时所需的要素以及注魔的风险度，可以说时很方便了。\n\n不同于TC4，你可以把它戴到饰品栏中，且不会损失5%灵气减免的功效。",
      "frame:8": "GATE",
      "icon:10": {
        "Count:3": 1,
        "id:8": "thaumcraft:goggles"
      },
      "ismain:1": 1,
      "name:8": "炼化学研究...hmmmmmmm"
    }
  },
  "questID:3": 20,
  "tasks:9": {
    "0:10": {
      "index:3": 0,
      "requiredItems:9": {
        "0:10": {
          "Count:3": 1,
          "id:8": "thaumcraft:goggles"
        }
      },
      "taskID:8": "bq_standard:retrieval"
    }
  }
}