{
  "preRequisites:11": [
    54
  ],
  "properties:10": {
    "betterquesting:10": {
      "desc:8": "有些时候，主世界无法满足你的需求，这时你就要去地狱了，地狱有很多你会需要用到的材料，比如岩浆块，熔岩，萤石，石英等...",
      "icon:10": {
        "Count:3": 1,
        "id:8": "minecraft:netherrack"
      },
      "name:8": "地狱之旅"
    }
  },
  "questID:3": 200,
  "rewards:9": {
    "0:10": {
      "choices:9": {
        "0:10": {
          "Count:3": 1,
          "id:8": "minecraft:diamond"
        },
        "1:10": {
          "Count:3": 10,
          "id:8": "minecraft:obsidian"
        }
      },
      "index:3": 0,
      "rewardID:8": "bq_standard:choice"
    }
  },
  "tasks:9": {
    "0:10": {
      "dimension:3": -1,
      "index:3": 0,
      "name:8": "New Location",
      "taskID:8": "bq_standard:location"
    }
  }
}