{
  "preRequisites:11": [
    20,
    163
  ],
  "properties:10": {
    "betterquesting:10": {
      "desc:8": "当你解锁完炼化学研究之后，你就可以进入炼化学大章节了。\n\n当你解锁完位于神秘学的研究“充能基座”后，你就可以制作一把骨弓了。\n\n骨弓可以消耗其内部的充能，发射出2倍于常规速度的箭，可以轻松击杀各种怪物，在附魔后甚至可以三箭带走一只外域的邪术守卫，非常恐怖，建议若有条件尽快制造一把。",
      "icon:10": {
        "Count:3": 1,
        "id:8": "crimsonrevelations:bone_bow"
      },
      "name:8": "机枪扫射"
    }
  },
  "questID:3": 32,
  "tasks:9": {
    "0:10": {
      "index:3": 0,
      "requiredItems:9": {
        "0:10": {
          "Count:3": 1,
          "id:8": "crimsonrevelations:bone_bow"
        }
      },
      "taskID:8": "bq_standard:retrieval"
    }
  }
}