{
  "preRequisites:11": [
    23
  ],
  "properties:10": {
    "betterquesting:10": {
      "desc:8": "想要开启神秘时代6的旅程，你首先要收集6色神秘水晶碎片，这是一个大工程，去矿洞寻找它们吧！",
      "frame:8": "GATE",
      "icon:10": {
        "Count:3": 1,
        "id:8": "thaumcraft:crystal_aer"
      },
      "ismain:1": 1,
      "name:8": "水晶碎片获取"
    }
  },
  "questID:3": 51,
  "tasks:9": {
    "0:10": {
      "ignoreNBT:1": 1,
      "index:3": 0,
      "requiredItems:9": {
        "0:10": {
          "Count:3": 1,
          "Damage:2": 32767,
          "id:8": "thaumcraft:crystal_essence"
        }
      },
      "taskID:8": "bq_standard:retrieval"
    }
  }
}