{
  "preRequisites:11": [
    88,
    200
  ],
  "properties:10": {
    "betterquesting:10": {
      "desc:8": "我们首先要制作坩埚来解锁炼金术。\n首先，在使用坩埚之前，我们需要介绍灵气场的概念。\nTC6的灵气概念不同于TC4的节点。\nTC6的灵气自然的充斥于各个区块之内，你的奥法活动再也不会被节点所限制。灵气的单位是 Vis ，其最小精度是0.1。\n灵气常用于施法与合成之中，各种奥术配方会消耗灵气值进行合成，而灵气在正常情况下会缓慢恢复。\n灵气并不像TC4中的法杖Vis，不分元素种类，这使得魔力结晶农场构建更加容易。每个区块的灵气阈值都是独立且不同的。超过灵气阈值的灵气可以以非常慢的速度蔓延至周围区块之中。\n灵气阈值就是区块内灵气可自然恢复的最大值。\n每一个区块都有对应的灵气阈值，且无法改变。而当处于魔法森林生物群系时，灵气阈值更大，这意味着区域内灵气更充足，且恢复速率更快。\n手持魔导透镜，会在界面左上方的灵气条之中看到区块内的灵气状态。当潜行时，就可以看到具体的灵气值了。\n当未及时处理坩埚的剩余源质或未经处理直接清空坩埚，会产生咒波。\n咒波可以看作是“被污染的灵气”。\n它会影响区块内灵气恢复，严重时会产生裂隙，裂隙会摧毁周围的方块（包括箱子，ME驱动器等）并吞噬掉落物。\n当产生咒波时，你能清晰的观察到有深紫色梅花状的咒波云雾向天空。\n虽然直接接触到这些咒波云雾并不会发生什么效果，但是产生咒波云雾相当于一定量的咒波已经排放到区块的灵气场之中了。\n而咒波也可以向周围区块缓慢蔓延，蔓延速度高于灵气蔓延速度。\n区块最大咒波值为 32766 。\n手持魔导透镜会在界面左上方的灵气条看到此区块内的咒波数量，表现为深紫色的咒波条覆盖在浅粉色的灵气条上方。\n关于裂隙:当区块内的咒波值大于灵气阈值的75%时就可以生成咒波裂隙，并且每多50咒波，区块内的咒波裂隙产生几率便会增加1%。当咒波裂隙延伸至方块中，便会破坏方块。而当生物靠近咒波裂隙，将持续受到2点的虚空伤害。摧毁咒波裂隙的方式有很多，但是目前没有一种是你能够实现的，所以在前期，你只能等待着咒波裂隙吸收掉全部的咒波后自然消失。而裂隙自然消失，往往意味着腐化孢子的产生，它是污染的源头，极难击杀且会传播扩散腐化，所以，不要让它在你的基地里出现！\n你可以使用石英碎片处理坩埚中多余的源质，所以说你要拥有足够多的石英，主世界的少量石英只够帮助你制作一点石英碎片，所以想要制作更多，请前往下界。\n\n前往相关章节，有更详细的介绍。",
      "icon:10": {
        "Count:3": 1,
        "Damage:2": 1,
        "id:8": "thaumicaugmentation:rift_seed",
        "tag:10": {
          "flux:3": 1000,
          "grown:1": 1
        }
      },
      "name:8": "灵气与咒波"
    }
  },
  "questID:3": 96,
  "rewards:9": {
    "0:10": {
      "index:3": 0,
      "rewardID:8": "bq_standard:item",
      "rewards:9": {
        "0:10": {
          "Count:3": 64,
          "Damage:2": 9,
          "id:8": "thaumcraft:nugget"
        }
      }
    }
  },
  "tasks:9": {
    "0:10": {
      "index:3": 0,
      "requiredItems:9": {
        "0:10": {
          "Count:3": 128,
          "Damage:2": 9,
          "id:8": "thaumcraft:nugget"
        }
      },
      "taskID:8": "bq_standard:retrieval"
    }
  }
}