{
  "preRequisites:11": [
    609
  ],
  "properties:10": {
    "betterquesting:10": {
      "desc:8": "类似于一个无限耐久的钻石胸甲，但附带4%魔力减免，还有一些特殊的功能：\n\n允许你飞行，且无视摔落伤害。\n扭曲弹射物，将它们传送到你的旁边，按住shift可以取消该效果。",
      "icon:10": {
        "Count:3": 1,
        "id:8": "thaumictinkerer:kami_chest"
      },
      "name:8": "云端之争"
    }
  },
  "questID:3": 612,
  "tasks:9": {
    "0:10": {
      "index:3": 1,
      "requiredItems:9": {
        "0:10": {
          "Count:3": 1,
          "id:8": "thaumictinkerer:kami_chest"
        }
      },
      "taskID:8": "bq_standard:retrieval"
    }
  }
}