{
  "preRequisites:11": [
    609
  ],
  "properties:10": {
    "betterquesting:10": {
      "desc:8": "类似于一个无限耐久的钻石帽子，但附带4%魔力减免，还有一些特殊的功能：\n\n当你需要氧气时，给予水下呼吸效果。\n当你处在水中，会继续夜视效果，岩浆为失明（用于增加视野）。\n可以无视饱食度回复生命。\n拥有揭示护目镜的全部效果。",
      "icon:10": {
        "Count:3": 1,
        "id:8": "thaumictinkerer:kami_helm"
      },
      "name:8": "无尽深渊"
    }
  },
  "questID:3": 613,
  "tasks:9": {
    "0:10": {
      "index:3": 1,
      "requiredItems:9": {
        "0:10": {
          "Count:3": 1,
          "id:8": "thaumictinkerer:kami_helm"
        }
      },
      "taskID:8": "bq_standard:retrieval"
    }
  }
}