{
  "preRequisites:11": [
    146,
    238,
    641
  ],
  "properties:10": {
    "betterquesting:10": {
      "desc:8": "灵宝是神秘工匠的高级材料，当你解锁全部与邪术无关的原版研究（生物扫描部分不用做）后，可以在连化学页面发现它的研究，需要你遍历下界和末地，得到两种专属碎片才能制作，所以说，加油吧！",
      "icon:10": {
        "Count:3": 1,
        "Damage:2": 2,
        "id:8": "thaumictinkerer:kamiresource"
      },
      "name:8": "神灵之血液"
    }
  },
  "questID:3": 618,
  "tasks:9": {
    "0:10": {
      "index:3": 0,
      "requiredItems:9": {
        "0:10": {
          "Count:3": 1,
          "Damage:2": 2,
          "id:8": "thaumictinkerer:kamiresource"
        }
      },
      "taskID:8": "bq_standard:retrieval"
    }
  }
}