{
  "preRequisites:11": [
    609
  ],
  "properties:10": {
    "betterquesting:10": {
      "desc:8": "类似于一个无限耐久的钻石裤子，但附带4%魔力减免，还有一些特殊的功能：\n\n当你着火时，将火焰扑灭，若无法扑灭，则给予生命恢复效果。\n给予常驻的火焰保护效果。\n在你的背后留下闪光照明，过一段时间后会消除。",
      "icon:10": {
        "Count:3": 1,
        "id:8": "thaumictinkerer:kami_legs"
      },
      "name:8": "地狱之力"
    }
  },
  "questID:3": 625,
  "tasks:9": {
    "0:10": {
      "index:3": 1,
      "requiredItems:9": {
        "0:10": {
          "Count:3": 1,
          "id:8": "thaumictinkerer:kami_legs"
        }
      },
      "taskID:8": "bq_standard:retrieval"
    }
  }
}