{
  "preRequisites:11": [
    628
  ],
  "properties:10": {
    "betterquesting:10": {
      "desc:8": "掌握了如何运输之后，你现在可以使用元动能量了，元动能量除了直接在法师护手上生效外，还有3个用途：充能，发电，转换群系。\n\n关于充能：元动基座用来给需要元动能量的物品充能，例如元动电池，装有元动电池的法师护手，以及一些无法直接从裂隙中抽取能量的设备。\n\n关于发电：由于本整合包没有工业类模组，故不推荐制作元动发电机，也不会有相应的任务。\n\n关于转换群系：用于给奥术群系转换仪充电，其消耗量之巨大，建议使用元动矩阵进行储存，后面我们会进行讲解。",
      "icon:10": {
        "Count:3": 1,
        "id:8": "thaumicaugmentation:impetus_generator"
      },
      "name:8": "元动能量使用"
    }
  },
  "questID:3": 626,
  "tasks:9": {
    "0:10": {
      "index:3": 0,
      "requiredItems:9": {
        "0:10": {
          "Count:3": 1,
          "id:8": "thaumicaugmentation:void_recharge_pedestal"
        }
      },
      "taskID:8": "bq_standard:retrieval"
    },
    "1:10": {
      "index:3": 1,
      "requiredItems:9": {
        "0:10": {
          "Count:3": 1,
          "id:8": "thaumicaugmentation:arcane_terraformer"
        }
      },
      "taskID:8": "bq_standard:retrieval"
    }
  }
}