{
  "preRequisites:11": [
    310
  ],
  "properties:10": {
    "betterquesting:10": {
      "desc:8": "得到古代卷轴之后，右键读一下，再用透镜扫一下，就可以解锁元动相关的篇章了！\n\n首先，你要先做元动宝石和元动谐振器来开启元动能量的使用之路，这些对你来说应该都是小菜一碟。",
      "icon:10": {
        "Count:3": 1,
        "Damage:2": 5,
        "id:8": "thaumicaugmentation:material"
      },
      "name:8": "元动核心"
    }
  },
  "questID:3": 627,
  "rewards:9": {
    "0:10": {
      "choices:9": {
        "0:10": {
          "Count:3": 2,
          "Damage:2": 5,
          "id:8": "thaumicaugmentation:material"
        },
        "1:10": {
          "Count:3": 3,
          "id:8": "thaumcraft:sanity_soap"
        }
      },
      "index:3": 1,
      "rewardID:8": "bq_standard:choice"
    }
  },
  "tasks:9": {
    "0:10": {
      "index:3": 0,
      "requiredItems:9": {
        "0:10": {
          "Count:3": 1,
          "Damage:2": 5,
          "id:8": "thaumicaugmentation:material"
        }
      },
      "taskID:8": "bq_standard:retrieval"
    },
    "1:10": {
      "index:3": 1,
      "requiredItems:9": {
        "0:10": {
          "Count:3": 1,
          "id:8": "thaumicaugmentation:impetus_linker"
        }
      },
      "taskID:8": "bq_standard:retrieval"
    }
  }
}