{
  "preRequisites:11": [
    627
  ],
  "properties:10": {
    "betterquesting:10": {
      "desc:8": "得到了谐振器后，你就能自由的操纵元动能量了。\n\n首先，你需要做一个元动汲取仪，它能从裂隙中抽取元动能量并释放到指定的设备中（使用元动谐振器右击它，再右键需要元动能量的设备）。\n\n你也可以做一个元动弥散仪，它再接受到元动能量之后会将其分散到周围对元动能量有需求的机器中去，可以免去制作多个元动汲取仪的麻烦。\n\n元动继能器类似TC4的魔力中继器，当元动设备和汲取仪距离太远时，你可以让它来作为中继，价格较为便宜。\n\n接下来会讲解如何使用及储存元动能量。",
      "icon:10": {
        "Count:3": 1,
        "id:8": "thaumicaugmentation:impetus_drainer"
      },
      "name:8": "汲取元动能量"
    }
  },
  "questID:3": 628,
  "tasks:9": {
    "0:10": {
      "index:3": 0,
      "requiredItems:9": {
        "0:10": {
          "Count:3": 1,
          "id:8": "thaumicaugmentation:impetus_drainer"
        }
      },
      "taskID:8": "bq_standard:retrieval"
    },
    "1:10": {
      "index:3": 1,
      "requiredItems:9": {
        "0:10": {
          "Count:3": 1,
          "id:8": "thaumicaugmentation:impetus_diffuser"
        }
      },
      "taskID:8": "bq_standard:retrieval"
    },
    "2:10": {
      "index:3": 2,
      "requiredItems:9": {
        "0:10": {
          "Count:3": 1,
          "id:8": "thaumicaugmentation:impetus_relay"
        }
      },
      "taskID:8": "bq_standard:retrieval"
    }
  }
}