{
  "preRequisites:11": [
    614
  ],
  "properties:10": {
    "betterquesting:10": {
      "desc:8": "灵宝工具和钻石工具没有什么区别，只是它们不会损坏罢了...",
      "icon:10": {
        "Count:3": 1,
        "id:8": "thaumictinkerer:ichorium_pick"
      },
      "name:8": "灵宝工具"
    }
  },
  "questID:3": 632,
  "tasks:9": {
    "0:10": {
      "index:3": 0,
      "requiredItems:9": {
        "0:10": {
          "Count:3": 1,
          "id:8": "thaumictinkerer:ichorium_sword"
        },
        "1:10": {
          "Count:3": 1,
          "id:8": "thaumictinkerer:ichorium_shovel"
        },
        "2:10": {
          "Count:3": 1,
          "id:8": "thaumictinkerer:ichorium_axe"
        },
        "3:10": {
          "Count:3": 1,
          "id:8": "thaumictinkerer:ichorium_pick"
        }
      },
      "taskID:8": "bq_standard:retrieval"
    }
  }
}