{
  "preRequisites:11": [
    632
  ],
  "properties:10": {
    "betterquesting:10": {
      "desc:8": "一把10攻击伤害的剑，拥有三种模式：\n\n在单杀模式（绿色）下它按正常方式进行攻击。\n\n在区域模式（红色）下它将会伤害到被击中目标三格范围（以目标为中心的3x3范围，共9格）的同类生物。\n\n在猎魂模式（蓝色）下，它的伤害会变成6点，但每次蓄满力攻击会给予攻击者1颗伤害吸收护盾，最高可以拥有20点护盾。",
      "icon:10": {
        "Count:3": 1,
        "id:8": "thaumictinkerer:ichorium_sword_adv"
      },
      "name:8": "觉醒灵宝剑"
    }
  },
  "questID:3": 634,
  "tasks:9": {
    "0:10": {
      "index:3": 0,
      "requiredItems:9": {
        "0:10": {
          "Count:3": 1,
          "id:8": "thaumictinkerer:ichorium_sword_adv"
        }
      },
      "taskID:8": "bq_standard:retrieval"
    }
  }
}