{
  "preRequisites:11": [
    626,
    635
  ],
  "properties:10": {
    "betterquesting:10": {
      "desc:8": "奥术群系转换仪是一个高级设备，需要使用元动，灵气，源质3种能源进行工作。\n\n具体操作方式如下：\n\n第一步是用奥术群系转换仪配置周围区块的生物群系。在当前生物群系使用空的群系核心就可以将当前生物群系的基本信息收集起来。通过手持群系核心潜行右键可以清除当前的群系信息，使其可以重复利用。如果想让群系变回最初的群系，即原始状态。只需要创建一个原始群系核心：将空的群系核心和一颗元始珍珠放置在工作台上无序合成就行了。此操作不会消耗元始珍珠。\n\n第二步是把它放置到世界中，然后右键打开GUI开始调试它的操作界面。把配置好的群系核心放在操作界面中央。装入群系核心后，可以看到操作面板右侧是机械作用范围的设置，可以改变指定群系的大小和形状；而操作面板左侧显示改造整个区域所需的源质数量。\n\n第三步，请确保群系转换仪有足够的灵气，源质，和元动能量。灵气可以从区块之内吸取，请配备灵气再生器源源不断的生成灵气供设备使用。此设备仅有一个元动能量输入槽而没有元动能量输出槽。奥术群系转换仪可能需要下列五种源质要素，分别是Ignis，Aqua，Terra，Aer还有Permutatio。前四个是组成生物群系必须的基本要素。比如，炎热的群系需要Ignis，潮湿的群系需要Aqua，以此类推。有些生物群系可能根本不需要某些基本要素。但是每个生物群系都需要Permutatio元素。随着要改造的范围增大，需要的资源也会增加。\n\n准备工作完成之后，手持法师护手右键点击奥术群系转换仪来开始转换过程。如果要取消转换，则可以再次用护手敲击，不过转换过的位置并不会因此还原。\n\n奥术群系转换仪可以在任何区域重塑灵气场。将灵气阈值低的群系转换为魔法亲和力强的群系时（例如魔法森林），该区块的灵气阈值就会提高。但是转换仪也可以通过同样的方式降低灵气阈值。\n\n§c注意：此设备在末地会失效！",
      "icon:10": {
        "Count:3": 1,
        "id:8": "thaumicaugmentation:arcane_terraformer"
      },
      "name:8": "奥术群系转换仪"
    }
  },
  "questID:3": 640,
  "tasks:9": {
    "0:10": {
      "index:3": 0,
      "requiredItems:9": {
        "0:10": {
          "Count:3": 1,
          "ForgeCaps:10": {
            "Parent:10": {
              "biome:8": "thaumicaugmentation:biome_empty"
            }
          },
          "id:8": "thaumicaugmentation:biome_selector"
        }
      },
      "taskID:8": "bq_standard:retrieval"
    }
  }
}