{
  "preRequisites:11": [
    238
  ],
  "properties:10": {
    "betterquesting:10": {
      "desc:8": "懈怠碎片至今我无法在生存模式获得，如果确实不能获得，请加群反馈。",
      "icon:10": {
        "Count:3": 1,
        "id:8": "minecraft:command_block"
      },
      "name:8": "如果卡住请完成这个任务",
      "repeattime:3": 12000
    }
  },
  "questID:3": 11,
  "rewards:9": {
    "0:10": {
      "index:3": 0,
      "rewardID:8": "bq_standard:item",
      "rewards:9": {
        "0:10": {
          "Count:3": 1,
          "Damage:2": 4,
          "id:8": "forbiddenmagicre:resourceshard"
        }
      }
    }
  },
  "tasks:9": {
    "0:10": {
      "index:3": 0,
      "taskID:8": "bq_standard:checkbox"
    }
  }
}