{
  "preRequisites:11": [
    238
  ],
  "properties:10": {
    "betterquesting:10": {
      "desc:8": "神智检测仪能粗略的显示你目前所拥有的扭曲，浅粉色代表临时扭曲，浅紫色待变普通/黏性扭曲，深紫色代表永久扭曲。",
      "icon:10": {
        "Count:3": 1,
        "id:8": "thaumcraft:sanity_checker"
      },
      "name:8": "扭曲侦测"
    }
  },
  "questID:3": 256,
  "rewards:9": {
    "0:10": {
      "choices:9": {
        "0:10": {
          "Count:3": 3,
          "id:8": "warptheory:item_warppaper"
        },
        "1:10": {
          "Count:3": 16,
          "id:8": "thaumcraft:triple_meat_treat"
        }
      },
      "index:3": 1,
      "rewardID:8": "bq_standard:choice"
    }
  },
  "tasks:9": {
    "0:10": {
      "index:3": 0,
      "requiredItems:9": {
        "0:10": {
          "Count:3": 1,
          "id:8": "thaumcraft:sanity_checker"
        }
      },
      "taskID:8": "bq_standard:retrieval"
    }
  }
}