{
  "preRequisites:11": [
    242
  ],
  "properties:10": {
    "betterquesting:10": {
      "desc:8": "在完成需要消耗血腥仪式的研究后，你需要“窥探虚空之物”，所需要的物品是裂隙被悖论物质炸毁（也有1%的概率自己坍缩）后，所掉落的虚空种子。\n扫描它，开启邪术揭谛。",
      "frame:8": "GATE",
      "icon:10": {
        "Count:3": 1,
        "id:8": "thaumcraft:void_seed"
      },
      "ismain:1": 1,
      "name:8": "虚空之物"
    }
  },
  "questID:3": 281,
  "tasks:9": {
    "0:10": {
      "index:3": 0,
      "requiredItems:9": {
        "0:10": {
          "Count:3": 1,
          "id:8": "thaumcraft:void_seed"
        }
      },
      "taskID:8": "bq_standard:retrieval"
    }
  }
}