{
  "preRequisites:11": [
    301
  ],
  "properties:10": {
    "betterquesting:10": {
      "desc:8": "抵达虚域后，你需要找到一个奇怪的建筑，它由荒古石搭建，散发着诡异的光...\n在塔附近会游荡着几只邪术守卫...\n使用带有元动能量电池的法师护手开启第一扇门...然后到第二层，拿起这个东西，插到它对面的门上。",
      "frame:8": "GATE",
      "icon:10": {
        "Count:3": 1,
        "id:8": "thaumicaugmentation:eldritch_lock_key"
      },
      "ismain:1": 1,
      "name:8": "奇怪的塔..."
    }
  },
  "questID:3": 303,
  "tasks:9": {
    "0:10": {
      "index:3": 0,
      "requiredItems:9": {
        "0:10": {
          "Count:3": 1,
          "id:8": "thaumicaugmentation:eldritch_lock_key"
        }
      },
      "taskID:8": "bq_standard:retrieval"
    }
  }
}