{
  "preRequisites:11": [
    303
  ],
  "properties:10": {
    "betterquesting:10": {
      "autoclaim:1": 1,
      "desc:8": "看样子...这座塔每层楼都有一扇门。\n只有在低一层的房间内才能找到上一层的房间钥匙，加油吧！\n使用凶险剑刃开启最后一扇门，进行开眼仪式，准备好一场大战！",
      "frame:8": "GATE",
      "icon:10": {
        "Count:3": 1,
        "id:8": "thaumicaugmentation:eldritch_lock"
      },
      "ismain:1": 1,
      "name:8": "好几扇门..."
    }
  },
  "questID:3": 304,
  "tasks:9": {
    "0:10": {
      "index:3": 0,
      "requiredItems:9": {
        "0:10": {
          "Count:3": 1,
          "Damage:2": 1,
          "id:8": "thaumicaugmentation:eldritch_lock_key"
        }
      },
      "taskID:8": "bq_standard:retrieval"
    },
    "1:10": {
      "index:3": 1,
      "requiredItems:9": {
        "0:10": {
          "Count:3": 1,
          "Damage:2": 2,
          "id:8": "thaumicaugmentation:eldritch_lock_key"
        }
      },
      "taskID:8": "bq_standard:retrieval"
    },
    "2:10": {
      "index:3": 2,
      "requiredItems:9": {
        "0:10": {
          "Count:3": 1,
          "Damage:2": 3,
          "id:8": "thaumicaugmentation:eldritch_lock_key"
        }
      },
      "taskID:8": "bq_standard:retrieval"
    }
  }
}