{
  "preRequisites:11": [
    242
  ],
  "properties:10": {
    "betterquesting:10": {
      "desc:8": "每次用悖论物质炸毁裂隙，会有一定几率掉落耐久1~4不等的元始珍珠！\n元始珍珠可以用来做很多实用的设备，但是它最有用的一点是，它可以用来制作虚域（TC6的外域）的门钥匙--元动能量电池...",
      "frame:8": "GATE",
      "icon:10": {
        "Count:3": 1,
        "id:8": "thaumcraft:primordial_pearl"
      },
      "ismain:1": 1,
      "name:8": "特殊的产物"
    }
  },
  "questID:3": 309,
  "tasks:9": {
    "0:10": {
      "index:3": 0,
      "requiredItems:9": {
        "0:10": {
          "Count:3": 1,
          "Damage:2": 32767,
          "id:8": "thaumcraft:primordial_pearl"
        }
      },
      "taskID:8": "bq_standard:retrieval"
    }
  }
}