{
  "preRequisites:11": [
    238
  ],
  "properties:10": {
    "betterquesting:10": {
      "desc:8": "解锁注魔之后，你可以制作一些功能强大的元素工具了。\n制作它门只需要少量要素和一块稀土，非常划算，接下来介绍它们的功能。\n\n炽心镐：自带炽心1，勘探2的附魔，挖掘原矿有25%的概率掉落原矿簇，shift+右键可消耗10点耐久来显示周围矿物的位置。此外，炽心镐会点燃被打到的生物。\n\n风雷剑：自带弧光2的附魔，攻击敌人会触发连锁闪电特性，弹射的电弧会波及次要目标。此外，使用风雷剑右键可以产生一道旋风，吹开附近的敌人并让玩家缓慢的漂浮起来。\n\n奔流斧：自带收集和连锁采集附魔，砍树时首先从距离目标方块最远的方块开始破坏，直到把整棵树砍掉，同时加速树叶的凋零，快速得到树苗。被破坏的方块会缓慢的飘向玩家。此外，使用奔流斧右键可以吸引周围的掉落物到玩家身边。\n\n后土铲：自带破坏附魔，挖掘可以破坏3x3的方块土和沙子之类的方块；右键可以复制3x3个目标方块（需要有有目标方块），大多数方块都可以。按下G键会调整方块放置方向。\n\n句芒锄：可以一次开垦3×3的田地，手持句芒锄右键作物或其他植物，可以使植物加速成长。\n\n所有元素工具都极为实用，推荐有能力时立即制作。",
      "icon:10": {
        "Count:3": 1,
        "Damage:2": 32767,
        "id:8": "thaumcraft:elemental_sword",
        "tag:10": {
          "infench:9": {
            "0:10": {
              "id:2": 5,
              "lvl:2": 2
            }
          }
        }
      },
      "name:8": "元素工具"
    }
  },
  "questID:3": 530,
  "rewards:9": {
    "0:10": {
      "choices:9": {
        "0:10": {
          "Count:3": 3,
          "id:8": "thaumcraft:ingot"
        },
        "1:10": {
          "Count:3": 1,
          "Damage:2": 10,
          "id:8": "thaumcraft:nugget"
        }
      },
      "index:3": 1,
      "rewardID:8": "bq_standard:choice"
    }
  },
  "tasks:9": {
    "0:10": {
      "index:3": 0,
      "requiredItems:9": {
        "0:10": {
          "Count:3": 1,
          "id:8": "thaumcraft:thaumium_sword"
        },
        "1:10": {
          "Count:3": 1,
          "id:8": "thaumcraft:thaumium_pick"
        },
        "2:10": {
          "Count:3": 1,
          "id:8": "thaumcraft:thaumium_hoe"
        },
        "3:10": {
          "Count:3": 1,
          "id:8": "thaumcraft:thaumium_shovel"
        },
        "4:10": {
          "Count:3": 1,
          "id:8": "thaumcraft:thaumium_axe"
        }
      },
      "taskID:8": "bq_standard:retrieval"
    },
    "1:10": {
      "index:3": 1,
      "requiredItems:9": {
        "0:10": {
          "Count:3": 1,
          "id:8": "thaumcraft:elemental_sword",
          "tag:10": {
            "infench:9": {
              "0:10": {
                "id:2": 5,
                "lvl:2": 2
              }
            }
          }
        },
        "1:10": {
          "Count:3": 1,
          "id:8": "thaumcraft:elemental_axe",
          "tag:10": {
            "infench:9": {
              "0:10": {
                "id:2": 2,
                "lvl:2": 1
              },
              "1:10": {
                "id:2": 0,
                "lvl:2": 1
              }
            }
          }
        },
        "2:10": {
          "Count:3": 1,
          "id:8": "thaumcraft:elemental_shovel",
          "tag:10": {
            "infench:9": {
              "0:10": {
                "id:2": 1,
                "lvl:2": 1
              }
            }
          }
        },
        "3:10": {
          "Count:3": 1,
          "id:8": "thaumcraft:elemental_hoe"
        },
        "4:10": {
          "Count:3": 1,
          "id:8": "thaumcraft:elemental_pick",
          "tag:10": {
            "infench:9": {
              "0:10": {
                "id:2": 4,
                "lvl:2": 1
              },
              "1:10": {
                "id:2": 3,
                "lvl:2": 2
              }
            }
          }
        }
      },
      "taskID:8": "bq_standard:retrieval"
    }
  }
}