{
  "preRequisites:11": [
    530
  ],
  "properties:10": {
    "betterquesting:10": {
      "desc:8": "使用这把铲子挖掘腐化泥土，腐化草丛，腐化岩石等被污染的方块时速度相当于挖掘普通泥土速度，并且在破坏时有几率得到1个腐化碎片。\n\n此外，使用这把锹右键可以清除玩家面前一片的咒波黏浆。很可惜，这把铲对气态咒波无效...",
      "icon:10": {
        "Count:3": 1,
        "id:8": "forbiddenmagicre:purifying_shovel"
      },
      "name:8": "清洁工的好帮手 - 净化锹"
    }
  },
  "questID:3": 541,
  "rewards:9": {
    "0:10": {
      "choices:9": {
        "0:10": {
          "Count:3": 20,
          "id:8": "thaumcraft:taint_log"
        },
        "1:10": {
          "Count:3": 3,
          "id:8": "thaumcraft:bottle_taint"
        }
      },
      "index:3": 1,
      "rewardID:8": "bq_standard:choice"
    }
  },
  "tasks:9": {
    "0:10": {
      "index:3": 0,
      "requiredItems:9": {
        "0:10": {
          "Count:3": 1,
          "id:8": "forbiddenmagicre:purifying_shovel"
        }
      },
      "taskID:8": "bq_standard:retrieval"
    }
  }
}