{
  "preRequisites:11": [
    238
  ],
  "properties:10": {
    "betterquesting:10": {
      "desc:8": "制作悖论物质，炸毁裂隙。\n制作悖论物质首先需要你过度污染一个区块，解锁污染和裂隙的研究。\n再需要使用魔导透镜扫面野生的结晶，解锁其隐藏的研究“结晶农场”。\n再解锁以此发现的“灵气电池”研究。\n你就能在基础学找到悖论物质的研究了！\n右击扔出悖论物质，要对准裂隙，小心不要丢歪了。\n你炸毁的虚空种子将是你未来发展神秘重要的材料。",
      "frame:8": "GATE",
      "icon:10": {
        "Count:3": 1,
        "id:8": "thaumcraft:causality_collapser"
      },
      "ismain:1": 1,
      "name:8": "摧毁裂隙"
    }
  },
  "questID:3": 242,
  "rewards:9": {
    "0:10": {
      "choices:9": {
        "0:10": {
          "Count:3": 1,
          "id:8": "thaumcraft:causality_collapser"
        },
        "1:10": {
          "Count:3": 10,
          "id:8": "thaumcraft:void_seed"
        }
      },
      "index:3": 1,
      "rewardID:8": "bq_standard:choice"
    }
  },
  "tasks:9": {
    "0:10": {
      "index:3": 0,
      "requiredItems:9": {
        "0:10": {
          "Count:3": 2,
          "OreDict:8": "nitor",
          "id:8": "thaumcraft:nitor_yellow"
        },
        "1:10": {
          "Count:3": 2,
          "id:8": "thaumcraft:alumentum"
        },
        "2:10": {
          "Count:3": 2,
          "id:8": "minecraft:redstone_block"
        },
        "3:10": {
          "Count:3": 1,
          "id:8": "thaumcraft:vis_resonator"
        },
        "4:10": {
          "Count:3": 1,
          "id:8": "thaumcraft:morphic_resonator"
        }
      },
      "taskID:8": "bq_standard:retrieval"
    },
    "1:10": {
      "index:3": 1,
      "requiredItems:9": {
        "0:10": {
          "Count:3": 1,
          "id:8": "thaumcraft:causality_collapser"
        }
      },
      "taskID:8": "bq_standard:retrieval"
    }
  }
}