{
  "preRequisites:11": [
    238
  ],
  "properties:10": {
    "betterquesting:10": {
      "desc:8": "准备炼狱熔炉的材料，搭建炼狱熔炉。\n炼狱熔炉,一个无需燃料的，使用及其简便的装置，只要将物品从它上方丢进去即可启动，它会将熔炼产物从它的正前方喷出，顺带还会有一些副产物！\n在炼狱熔炉的左右后下四个面的中心可以插入奥术风箱加速便提高产率合提速。\n§c警告：炼狱熔炉在工作时会产生少量咒波，需要注意！",
      "icon:10": {
        "Count:3": 1,
        "id:8": "thaumcraft:infernal_furnace"
      },
      "name:8": "更好的冶炼厂"
    }
  },
  "questID:3": 243,
  "rewards:9": {
    "0:10": {
      "choices:9": {
        "0:10": {
          "Count:3": 3,
          "id:8": "thaumcraft:salis_mundus"
        },
        "1:10": {
          "Count:3": 10,
          "id:8": "thaumcraft:triple_meat_treat"
        },
        "2:10": {
          "Count:3": 1,
          "id:8": "thaumicaugmentation:item_grate"
        }
      },
      "index:3": 1,
      "rewardID:8": "bq_standard:choice"
    }
  },
  "tasks:9": {
    "0:10": {
      "index:3": 0,
      "requiredItems:9": {
        "0:10": {
          "Count:3": 12,
          "id:8": "minecraft:obsidian"
        },
        "1:10": {
          "Count:3": 12,
          "id:8": "minecraft:nether_brick"
        },
        "2:10": {
          "Count:3": 1,
          "id:8": "minecraft:iron_bars"
        },
        "3:10": {
          "Count:3": 1,
          "id:8": "minecraft:lava_bucket"
        },
        "4:10": {
          "Count:3": 1,
          "id:8": "thaumcraft:salis_mundus"
        }
      },
      "taskID:8": "bq_standard:retrieval"
    }
  }
}