{
  "preRequisites:11": [
    256
  ],
  "properties:10": {
    "betterquesting:10": {
      "desc:8": "在这次的任务中，可能需要你解锁一些带有扭曲的研究，制作物品来抵御它们！",
      "icon:10": {
        "Count:3": 1,
        "id:8": "thaumcraft:bath_salts"
      },
      "name:8": "扭曲事件"
    }
  },
  "questID:3": 244,
  "rewards:9": {
    "0:10": {
      "index:3": 0,
      "rewardID:8": "bq_standard:item",
      "rewards:9": {
        "0:10": {
          "Count:3": 1,
          "id:8": "botania:brewvial",
          "tag:10": {
            "brewKey:8": "warpWard"
          }
        }
      }
    },
    "1:10": {
      "choices:9": {
        "0:10": {
          "Count:3": 3,
          "id:8": "thaumcraft:bath_salts"
        },
        "1:10": {
          "Count:3": 16,
          "id:8": "thaumcraft:triple_meat_treat"
        }
      },
      "index:3": 1,
      "rewardID:8": "bq_standard:choice"
    }
  },
  "tasks:9": {
    "0:10": {
      "index:3": 0,
      "requiredItems:9": {
        "0:10": {
          "Count:3": 1,
          "id:8": "thaumcraft:sanity_checker"
        },
        "1:10": {
          "Count:3": 1,
          "id:8": "thaumcraft:bath_salts"
        }
      },
      "taskID:8": "bq_standard:retrieval"
    }
  }
}