{
  "preRequisites:11": [
    238
  ],
  "properties:10": {
    "betterquesting:10": {
      "desc:8": "搭建神秘炼金塔，使用源质来炼金。\n\n神秘炼金塔是一个多方块结构，需要解锁“炼金自动化”研究才可成功搭建出。\n搭建它需要炼金构材2个和坩埚一个，搭建好后使用世界盐右键成型的结构便可完成搭建。\n需要注意的是，世界盐右键哪个侧面很重要，因为产物就从这个面中层的洞口喷出，在这个洞口放箱子可以收集产物。\n\n注意：奥术炼金塔需要在其正下方的坩埚下提供热源，但§c不需要§r向坩埚里加水。",
      "icon:10": {
        "Count:3": 1,
        "id:8": "thaumcraft:thaumatorium"
      },
      "name:8": "炼金进阶"
    }
  },
  "questID:3": 245,
  "rewards:9": {
    "0:10": {
      "choices:9": {
        "0:10": {
          "Count:3": 1,
          "id:8": "thaumcraft:mind"
        },
        "1:10": {
          "Count:3": 3,
          "id:8": "minecraft:chest"
        }
      },
      "index:3": 1,
      "rewardID:8": "bq_standard:choice"
    }
  },
  "tasks:9": {
    "0:10": {
      "index:3": 0,
      "requiredItems:9": {
        "0:10": {
          "Count:3": 2,
          "id:8": "thaumcraft:metal_alchemical"
        },
        "1:10": {
          "Count:3": 1,
          "id:8": "thaumcraft:crucible"
        },
        "2:10": {
          "Count:3": 1,
          "id:8": "thaumcraft:salis_mundus"
        }
      },
      "taskID:8": "bq_standard:retrieval"
    }
  }
}