{
  "preRequisites:11": [
    239,
    246
  ],
  "properties:10": {
    "betterquesting:10": {
      "desc:8": "魔力手镜类似如魔镜一样的功能，比魔镜更加方便携带。使用时，右键已经和目标魔镜链接的手镜就可以打开界面，将物品放入格子中，就会被目标魔镜吐出来。\n\n魔力手镜通过右键魔镜进行绑定（绑定成功后手镜会出现类似附魔状态的微光），要与新的魔镜绑定时，再次右键即可，一块魔镜可以绑定多个魔力手镜，当被绑定的魔镜位置发生变化时，魔力手镜需要重新绑定\n\n魔力手镜只能传输物品，不能接收物品。",
      "icon:10": {
        "Count:3": 1,
        "id:8": "thaumcraft:hand_mirror"
      },
      "name:8": "便捷存放"
    }
  },
  "questID:3": 251,
  "tasks:9": {
    "0:10": {
      "index:3": 0,
      "requiredItems:9": {
        "0:10": {
          "Count:3": 1,
          "id:8": "thaumcraft:hand_mirror"
        }
      },
      "taskID:8": "bq_standard:retrieval"
    }
  }
}