{
  "preRequisites:11": [
    239
  ],
  "properties:10": {
    "betterquesting:10": {
      "desc:8": "源质之镜是一个可以跨纬度运输源质的设备。\n\n使用方法与魔镜类似，具体方法可见魔镜章节。\n\n§c警告：源质之境每传输64源质就会制造1点咒波。",
      "icon:10": {
        "Count:3": 1,
        "id:8": "thaumcraft:mirror_essentia"
      },
      "name:8": "远程运输 - 源质"
    }
  },
  "questID:3": 254,
  "rewards:9": {
    "0:10": {
      "index:3": 0,
      "rewardID:8": "bq_standard:item",
      "rewards:9": {
        "0:10": {
          "Count:3": 1,
          "id:8": "thaumcraft:mirror_essentia"
        }
      }
    },
    "1:10": {
      "choices:9": {
        "0:10": {
          "Count:3": 1,
          "id:8": "thaumcraft:resonator"
        },
        "1:10": {
          "Count:3": 1,
          "id:8": "thaumcraft:mirror_essentia"
        },
        "2:10": {
          "Count:3": 8,
          "id:8": "thaumcraft:mirrored_glass"
        }
      },
      "index:3": 1,
      "rewardID:8": "bq_standard:choice"
    }
  },
  "tasks:9": {
    "0:10": {
      "index:3": 0,
      "requiredItems:9": {
        "0:10": {
          "Count:3": 2,
          "id:8": "thaumcraft:mirror_essentia"
        }
      },
      "taskID:8": "bq_standard:retrieval"
    }
  }
}