{
  "preRequisites:11": [
    244
  ],
  "properties:10": {
    "betterquesting:10": {
      "desc:8": "消耗品\n\n按住右键使用可以瞬间消除所有的临时扭曲，且会减少1点普通扭曲。\n\n若处于净化之水中，或受到扭曲守护状态保护时使用，则会减少2点普通扭曲\n（同时满足状态则是3点）。",
      "icon:10": {
        "Count:3": 1,
        "id:8": "thaumcraft:sanity_soap"
      },
      "name:8": "洗掉扭曲"
    }
  },
  "questID:3": 257,
  "rewards:9": {
    "0:10": {
      "choices:9": {
        "0:10": {
          "Count:3": 1,
          "id:8": "thaumcraft:sanity_soap"
        },
        "1:10": {
          "Count:3": 1,
          "id:8": "thaumcraft:bath_salts"
        }
      },
      "index:3": 1,
      "rewardID:8": "bq_standard:choice"
    }
  },
  "tasks:9": {
    "0:10": {
      "index:3": 0,
      "requiredItems:9": {
        "0:10": {
          "Count:3": 1,
          "id:8": "thaumcraft:sanity_soap"
        }
      },
      "taskID:8": "bq_standard:retrieval"
    }
  }
}