{
  "preRequisites:11": [
    244
  ],
  "properties:10": {
    "betterquesting:10": {
      "desc:8": "奥术浴场是一个简便的小机器\n\n它能自动混合水与净化浴盐(形成净化之水），并将它们泵至机器上方。泵出的液体可填满机器上方5x5的范围。\n\n除此之外也可以泵出其他任意液体。可以通过自动化机器装入液体或用合适的液体右键机器加入。通入红石信号可以关闭它。",
      "icon:10": {
        "Count:3": 1,
        "id:8": "thaumcraft:spa"
      },
      "name:8": "泡个澡"
    }
  },
  "questID:3": 261,
  "rewards:9": {
    "0:10": {
      "choices:9": {
        "0:10": {
          "Count:3": 1,
          "id:8": "thaumcraft:bath_salts"
        },
        "1:10": {
          "Count:3": 8,
          "id:8": "thaumcraft:triple_meat_treat"
        }
      },
      "index:3": 1,
      "rewardID:8": "bq_standard:choice"
    }
  },
  "tasks:9": {
    "0:10": {
      "index:3": 0,
      "requiredItems:9": {
        "0:10": {
          "Count:3": 1,
          "id:8": "thaumcraft:spa"
        }
      },
      "taskID:8": "bq_standard:retrieval"
    }
  }
}