{
  "preRequisites:11": [
    243
  ],
  "properties:10": {
    "betterquesting:10": {
      "desc:8": "奥术风箱在解锁炼狱熔炉的研究后可以解锁研究。\n它不仅可以加快炼狱熔炉和催化反应室的产率，也能加快一般熔炉和冶炼厂的速度，很完美！",
      "icon:10": {
        "Count:3": 1,
        "id:8": "thaumcraft:bellows"
      },
      "name:8": "加速与增产"
    }
  },
  "questID:3": 264,
  "rewards:9": {
    "0:10": {
      "choices:9": {
        "0:10": {
          "Count:3": 1,
          "id:8": "thaumcraft:bellows"
        },
        "1:10": {
          "Count:3": 32,
          "id:8": "thaumcraft:crystal_essence",
          "tag:10": {
            "Aspects:9": {
              "0:10": {
                "amount:3": 1,
                "key:8": "aer"
              }
            }
          }
        }
      },
      "index:3": 1,
      "rewardID:8": "bq_standard:choice"
    }
  },
  "tasks:9": {
    "0:10": {
      "index:3": 0,
      "requiredItems:9": {
        "0:10": {
          "Count:3": 4,
          "id:8": "thaumcraft:bellows"
        }
      },
      "taskID:8": "bq_standard:retrieval"
    }
  }
}