{
  "preRequisites:11": [
    243
  ],
  "properties:10": {
    "betterquesting:10": {
      "desc:8": "制作结晶室，让原矿自动转化为矿簇！\n这个东西需要炼金术石来工作，准备一些炼金术石，这东西不便宜，转化前需谨慎...",
      "icon:10": {
        "Count:3": 1,
        "id:8": "thaumicwonders:catalyzation_chamber"
      },
      "name:8": "矿簇制造器"
    }
  },
  "questID:3": 270,
  "rewards:9": {
    "0:10": {
      "choices:9": {
        "0:10": {
          "Count:3": 3,
          "id:8": "minecraft:diamond"
        },
        "1:10": {
          "Count:3": 1,
          "id:8": "thaumicwonders:alchemist_stone"
        },
        "2:10": {
          "Count:3": 20,
          "id:8": "minecraft:iron_ore"
        }
      },
      "index:3": 1,
      "rewardID:8": "bq_standard:choice"
    }
  },
  "tasks:9": {
    "0:10": {
      "index:3": 0,
      "requiredItems:9": {
        "0:10": {
          "Count:3": 12,
          "id:8": "minecraft:obsidian"
        },
        "1:10": {
          "Count:3": 12,
          "id:8": "thaumcraft:stone_arcane"
        },
        "2:10": {
          "Count:3": 1,
          "id:8": "minecraft:iron_bars"
        },
        "3:10": {
          "Count:3": 1,
          "id:8": "forge:bucketfilled",
          "tag:10": {
            "Amount:3": 1000,
            "FluidName:8": "fluid_quicksilver"
          }
        },
        "4:10": {
          "Count:3": 1,
          "id:8": "thaumcraft:salis_mundus"
        }
      },
      "taskID:8": "bq_standard:retrieval"
    },
    "1:10": {
      "index:3": 1,
      "requiredItems:9": {
        "0:10": {
          "Count:3": 1,
          "id:8": "thaumicwonders:alchemist_stone"
        }
      },
      "taskID:8": "bq_standard:retrieval"
    }
  }
}