{
  "preRequisites:11": [
    277
  ],
  "properties:10": {
    "betterquesting:10": {
      "desc:8": "你现在能制作元动电池了，将元动核心和神秘板在奥术工作台合成得到元动能量电池。\n再在任意可合成界面将元动能量电池与神秘或虚空法师护手合成得到一个装有元动电池的法师护手，手持它靠近裂隙，吸收裂隙的能量（元动能量）\n下一步，是要寻找维度裂隙...",
      "frame:8": "GATE",
      "icon:10": {
        "Count:3": 1,
        "ForgeCaps:10": {
          "Parent:10": {
            "augment:10": {},
            "energy:10": {
              "energy:4": 0
            }
          }
        },
        "id:8": "thaumicaugmentation:augment_caster_rift_energy_storage"
      },
      "ismain:1": 1,
      "name:8": "元动能量电池"
    }
  },
  "questID:3": 293,
  "tasks:9": {
    "0:10": {
      "index:3": 0,
      "requiredItems:9": {
        "0:10": {
          "Count:3": 1,
          "Damage:2": 32767,
          "ForgeCaps:10": {
            "Parent:10": {
              "augment:10": {},
              "energy:10": {
                "energy:4": 0
              }
            }
          },
          "id:8": "thaumicaugmentation:augment_caster_rift_energy_storage"
        }
      },
      "taskID:8": "bq_standard:retrieval"
    }
  }
}