{
  "preRequisites:11": [
    293
  ],
  "properties:10": {
    "betterquesting:10": {
      "desc:8": "除非你的运气足够好，否则你需要找一段时间，使用裂隙探测装置去地狱找找吧！\n注意，这东西有些时候回不太灵敏，不要一昧的信任这玩意！\n维度裂隙是一根细细长长的竖线，周围围着紫色的虚空石和腐化虚空石，很明显就能发现。",
      "frame:8": "GATE",
      "icon:10": {
        "Count:3": 1,
        "id:8": "thaumicaugmentation:fracture_locator"
      },
      "ismain:1": 1,
      "name:8": "寻找裂隙"
    }
  },
  "questID:3": 298,
  "tasks:9": {
    "0:10": {
      "index:3": 0,
      "requiredItems:9": {
        "0:10": {
          "Count:3": 1,
          "Damage:2": 32767,
          "id:8": "thaumicaugmentation:fracture_locator"
        }
      },
      "taskID:8": "bq_standard:retrieval"
    }
  }
}