{
  "preRequisites:11": [
    298
  ],
  "properties:10": {
    "betterquesting:10": {
      "desc:8": "进入维度裂隙，你会抵达虚域，虚域很暗，记得准备几瓶夜视药水和火把。\n以及：§e§c§b§c§9§8§7§5§1§0§2§5§7§9§b§k小心不要掉到虚域的虚空中去。",
      "frame:8": "GATE",
      "icon:10": {
        "Count:3": 1,
        "id:8": "thaumicaugmentation:stone"
      },
      "ismain:1": 1,
      "name:8": "探寻“外域”"
    }
  },
  "questID:3": 301,
  "tasks:9": {
    "0:10": {
      "dimension:3": 14676,
      "index:3": 0,
      "name:8": "New Location",
      "taskID:8": "bq_standard:location"
    }
  }
}