{
  "preRequisites:11": [
    245
  ],
  "properties:10": {
    "betterquesting:10": {
      "desc:8": "记忆矩阵可以为神秘炼金塔提供监控的配方数量，每个记忆矩阵提供两个额外的记忆配方，也就意味着你不需要每次制作完物品都要清空已选择配方了。\n\n在奥术炼金塔除正面（物品排出口那个面）以外的任何面放置它来生效。\n\n虽然这个物品在现在就已经可以制作了，但是，其配方中的“发条之心”需要你你解锁傀儡学的相应研究才可制作。",
      "icon:10": {
        "Count:3": 1,
        "id:8": "thaumcraft:brain_box"
      },
      "name:8": "极限记忆"
    }
  },
  "questID:3": 526,
  "rewards:9": {
    "0:10": {
      "choices:9": {
        "0:10": {
          "Count:3": 1,
          "id:8": "thaumcraft:brain_box"
        },
        "1:10": {
          "Count:3": 3,
          "id:8": "thaumcraft:nitor_yellow"
        }
      },
      "index:3": 1,
      "rewardID:8": "bq_standard:choice"
    }
  },
  "tasks:9": {
    "0:10": {
      "index:3": 0,
      "requiredItems:9": {
        "0:10": {
          "Count:3": 4,
          "OreDict:8": "gemAmber",
          "id:8": "thaumcraft:amber"
        },
        "1:10": {
          "Count:3": 4,
          "Damage:2": 1,
          "OreDict:8": "plateIron",
          "id:8": "thaumcraft:plate"
        },
        "2:10": {
          "Count:3": 1,
          "id:8": "thaumcraft:mind"
        }
      },
      "taskID:8": "bq_standard:retrieval"
    },
    "1:10": {
      "index:3": 1,
      "requiredItems:9": {
        "0:10": {
          "Count:3": 1,
          "id:8": "thaumcraft:brain_box"
        }
      },
      "taskID:8": "bq_standard:retrieval"
    }
  }
}