{
  "preRequisites:11": [
    530
  ],
  "properties:10": {
    "betterquesting:10": {
      "desc:8": "畸变镐是一把颠覆常规的镐。\n越硬的物品（黑曜石），它挖的越快。反而软一点（石头）的物品它挖掘速度会非常慢，一些可以瞬间破坏的方块（例如草）甚至无法挖掘。\n至于基岩...还是别想它了。\n\n补充：制作畸变镐所需的100要素水晶碎片需要挖掘透水石获得。\n透水石由腐化岩石消退得到。",
      "icon:10": {
        "Count:3": 1,
        "id:8": "forbiddenmagicre:distortion_pick"
      },
      "name:8": "奇奇怪怪的工具 - 畸变镐"
    }
  },
  "questID:3": 531,
  "rewards:9": {
    "0:10": {
      "choices:9": {
        "0:10": {
          "Count:3": 10,
          "id:8": "minecraft:obsidian"
        }
      },
      "index:3": 1,
      "rewardID:8": "bq_standard:choice"
    }
  },
  "tasks:9": {
    "0:10": {
      "index:3": 0,
      "requiredItems:9": {
        "0:10": {
          "Count:3": 1,
          "id:8": "forbiddenmagicre:distortion_pick"
        }
      },
      "taskID:8": "bq_standard:retrieval"
    }
  }
}