{
  "preRequisites:11": [
    238
  ],
  "properties:10": {
    "betterquesting:10": {
      "desc:8": "制作傀儡工坊多方块结构，以便让你制作出傀儡来帮你完成更多任务，比如自动种植，自动畜牧，也能帮助你对抗怪物。\n\n需要解锁傀儡学相应的研究来解锁这个多方块结构的搭建仪式。\n\n§c§l在这个整合包中，如果傀儡持有法师护手且傀儡的主人解锁了某个研究，那么，傀儡就可以启动注魔祭坛！",
      "icon:10": {
        "Count:3": 1,
        "id:8": "thaumcraft:golem_builder"
      },
      "name:8": "招募援兵"
    }
  },
  "questID:3": 543,
  "rewards:9": {
    "0:10": {
      "choices:9": {
        "0:10": {
          "Count:3": 1,
          "id:8": "thaumcraft:golem_bell"
        },
        "1:10": {
          "Count:3": 5,
          "id:8": "thaumcraft:brain"
        }
      },
      "index:3": 1,
      "rewardID:8": "bq_standard:choice"
    }
  },
  "tasks:9": {
    "0:10": {
      "index:3": 0,
      "requiredItems:9": {
        "0:10": {
          "Count:3": 1,
          "id:8": "thaumcraft:table_stone"
        },
        "1:10": {
          "Count:3": 1,
          "id:8": "minecraft:anvil"
        },
        "2:10": {
          "Count:3": 1,
          "id:8": "minecraft:iron_bars"
        },
        "3:10": {
          "Count:3": 1,
          "id:8": "minecraft:piston"
        },
        "4:10": {
          "Count:3": 1,
          "id:8": "minecraft:cauldron"
        },
        "5:10": {
          "Count:3": 1,
          "id:8": "thaumcraft:salis_mundus"
        }
      },
      "taskID:8": "bq_standard:retrieval"
    }
  }
}