{
  "preRequisites:11": [
    543
  ],
  "properties:10": {
    "betterquesting:10": {
      "desc:8": "发条之心是傀儡学的基础，每个傀儡的制作手续都必定带有一个发条之心，发条之心需求的材料比较麻烦，建议在有一定经济基础的前提下制作。\n\n空白印记是最基础的印记材料，用于合成操控傀儡的一切印记。\n\n傀儡使铃铛是傀儡学的“扳手”，当你拿着它时可以看到周围的操控印记，右键可以配置它们，潜行时右键操控印记可以将操控印记拆卸，右键傀儡可以使其跟随你行动，若是傀儡有战斗属性，可以攻击周围的敌对生物。\n\n当你解锁了“傀儡物流”研究后，使用傀儡使铃铛潜行右键方块或空气，你可以看到附近所有贴有操控印记：供给的容器内的物品，并可以点击以拿取这些物品。附近的空闲傀儡会处理你的请求，将物品拿到你潜行右键的方块那里——如果你潜行右键的是一个容器，会直接放入那里，如果你潜行右键的是普通的方块，则会丢在那里。当然如果你潜行右键的是空气，那么傀儡将直接把物品给到你的背包里面，只要你的背包不是满的，否则它会把物品丢在你的脚下。",
      "icon:10": {
        "Count:3": 1,
        "id:8": "thaumcraft:mind"
      },
      "name:8": "傀儡核心"
    }
  },
  "questID:3": 601,
  "rewards:9": {
    "0:10": {
      "choices:9": {
        "0:10": {
          "Count:3": 1,
          "id:8": "thaumcraft:mind"
        },
        "1:10": {
          "Count:3": 5,
          "id:8": "thaumcraft:seal"
        }
      },
      "index:3": 1,
      "rewardID:8": "bq_standard:choice"
    }
  },
  "tasks:9": {
    "0:10": {
      "index:3": 0,
      "requiredItems:9": {
        "0:10": {
          "Count:3": 1,
          "id:8": "thaumcraft:mind"
        }
      },
      "taskID:8": "bq_standard:retrieval"
    },
    "1:10": {
      "index:3": 1,
      "requiredItems:9": {
        "0:10": {
          "Count:3": 1,
          "id:8": "thaumcraft:seal"
        }
      },
      "taskID:8": "bq_standard:retrieval"
    },
    "2:10": {
      "index:3": 2,
      "requiredItems:9": {
        "0:10": {
          "Count:3": 1,
          "id:8": "thaumcraft:golem_bell"
        }
      },
      "taskID:8": "bq_standard:retrieval"
    }
  }
}