{
  "preRequisites:11": [
    601,
    603
  ],
  "properties:10": {
    "betterquesting:10": {
      "desc:8": "神秘生物学之心是制作傀儡时的高级头部部件。\n装有该部件的傀儡会拥有智慧属性，具有该属性的傀儡可以完成一些高级的任务，例如收获作物，屠宰动物等。\n但同时也会得到“脆弱”属性，降低傀儡的护甲值。\n想要抵消这个属性，需要解锁“战争机器”研究，你便可以在傀儡工坊制作“装甲智慧头部”。\n\n这些高级印记只有拥有“智慧”属性的傀儡才可完成该印记的任务。\n\n各种高级印记：对比低级的变种，高级印记拥有更多的可配置项和黑白名单限制，仅限拥有智慧属性的傀儡使用。\n\n收获印记：该印记会搜寻范围内的成熟作物，然后指示傀儡前去收割，当周围同时存在生效的“聚集”印记时，会让捡起物品的傀儡补种作物。\n\n屠宰印记：当范围内的某种动物数量超过2只时，该印记会请求附近符合条件的傀儡击杀多余的成年动物。\n\n砍伐印记：该印记会请求附近拥有【挖掘】和【智慧】属性的傀儡来挖掉范围里的原木。该印记自带“奔流”效果，因此即使整棵树都在范围之外，只要树根在范围内，傀儡一样可以砍下整棵树。\n§c注：傀儡可能会卡在原木中窒息，使用该印记请务必小心！§r",
      "icon:10": {
        "Count:3": 1,
        "Damage:2": 1,
        "id:8": "thaumcraft:mind"
      },
      "name:8": "高级印记"
    }
  },
  "questID:3": 604,
  "rewards:9": {
    "0:10": {
      "choices:9": {
        "0:10": {
          "Count:3": 10,
          "id:8": "thaumcraft:brain"
        },
        "1:10": {
          "Count:3": 3,
          "id:8": "thaumcraft:mind"
        }
      },
      "index:3": 1,
      "rewardID:8": "bq_standard:choice"
    }
  },
  "tasks:9": {
    "0:10": {
      "index:3": 0,
      "requiredItems:9": {
        "0:10": {
          "Count:3": 1,
          "Damage:2": 1,
          "id:8": "thaumcraft:mind"
        }
      },
      "taskID:8": "bq_standard:retrieval"
    },
    "1:10": {
      "index:3": 4,
      "requiredItems:9": {
        "0:10": {
          "Count:3": 1,
          "Damage:2": 7,
          "id:8": "thaumcraft:seal"
        }
      },
      "taskID:8": "bq_standard:retrieval"
    }
  }
}