{
  "preRequisites:11": [
    104
  ],
  "properties:10": {
    "betterquesting:10": {
      "desc:8": "血腥传送门会随机刷出在玩家周围，你可能会在探险中遇到他们...\n一旦血腥传送门开启，里面的血腥教徒和血腥骑士就会蜂拥而出，小心应对他们并§c§l扫描§r他们，再之后，你就能击杀他们了，击败他们，你会有几率得到血腥宝典，不要右键使用，用来解锁邪术学的第一步研究！\n\n提示：血腥传送门常常出现在沙漠地区！",
      "frame:8": "GATE",
      "icon:10": {
        "Count:3": 1,
        "Damage:2": 6,
        "id:8": "thaumcraft:curio"
      },
      "ismain:1": 1,
      "name:8": "险恶的教诲"
    }
  },
  "questID:3": 279,
  "tasks:9": {
    "0:10": {
      "index:3": 0,
      "requiredItems:9": {
        "0:10": {
          "Count:3": 1,
          "Damage:2": 6,
          "id:8": "thaumcraft:curio"
        }
      },
      "taskID:8": "bq_standard:retrieval"
    }
  }
}