{
  "lineID:3": 1382340976,
  "order:3": 3,
  "properties:10": {
    "betterquesting:10": {
      "desc:8": "别傻乎乎的抽卡了",
      "icon:10": {
        "Count:3": 1,
        "id:8": "thaumcraft:brain"
      },
      "name:8": "4.理论和观测的获取来源"
    }
  },
  "quests:9": {
    "0:10": {
      "id:3": 37,
      "sizeX:3": 24,
      "sizeY:3": 24,
      "x:3": -12,
      "y:3": -12
    },
    "1:10": {
      "id:3": 38,
      "sizeX:3": 24,
      "sizeY:3": 24,
      "x:3": -72,
      "y:3": -12
    },
    "2:10": {
      "id:3": 39,
      "sizeX:3": 24,
      "sizeY:3": 24,
      "x:3": 48,
      "y:3": -12
    },
    "3:10": {
      "id:3": 40,
      "sizeX:3": 24,
      "sizeY:3": 24,
      "x:3": -12,
      "y:3": -72
    },
    "4:10": {
      "id:3": 41,
      "sizeX:3": 24,
      "sizeY:3": 24,
      "x:3": -12,
      "y:3": 48
    },
    "5:10": {
      "id:3": 42,
      "sizeX:3": 24,
      "sizeY:3": 24,
      "x:3": -72,
      "y:3": -72
    },
    "6:10": {
      "id:3": 43,
      "sizeX:3": 24,
      "sizeY:3": 24,
      "x:3": 48,
      "y:3": -72
    },
    "7:10": {
      "id:3": 50,
      "sizeX:3": 24,
      "sizeY:3": 24,
      "x:3": -72,
      "y:3": 48
    },
    "8:10": {
      "id:3": 139762701,
      "sizeX:3": 24,
      "sizeY:3": 24,
      "x:3": 48,
      "y:3": 48
    }
  }
}