{
  "lineID:3": 178357785,
  "order:3": 5,
  "properties:10": {
    "betterquesting:10": {
      "desc:8": "新人经常遇到的问题,若此处未列出请进群询问",
      "icon:10": {
        "Count:3": 1,
        "id:8": "thaumcraft:enchanted_placeholder"
      },
      "name:8": "6.常见问题"
    }
  },
  "quests:9": {
    "0:10": {
      "id:3": 11,
      "sizeX:3": 24,
      "sizeY:3": 24,
      "x:3": 24,
      "y:3": -12
    },
    "1:10": {
      "id:3": 56,
      "sizeX:3": 24,
      "sizeY:3": 24,
      "x:3": -12,
      "y:3": -12
    },
    "2:10": {
      "id:3": 58,
      "sizeX:3": 24,
      "sizeY:3": 24,
      "x:3": -48,
      "y:3": -12
    },
    "3:10": {
      "id:3": 1602630232,
      "sizeX:3": 24,
      "sizeY:3": 24,
      "x:3": -48,
      "y:3": -48
    }
  }
}