{
  "preRequisites:11": [
    95
  ],
  "properties:10": {
    "betterquesting:10": {
      "desc:8": "元始杵是一个后期的挖掘工具，自带炽心和破坏的注魔法附魔，可以自动恢复耐久。\n\n最主要的是，它能快速挖掘被腐化的方块，并且能范围破坏它们，这也就意味着你可以快速清理大量的腐化方块。\n\n不过需要注意的是，这东西虽然可以自动恢复耐久，但是它耐久上限并不高，所以记得给它打一个耐久附魔吧！\n\n想要制作这个物品，需要解锁位于“邪术学”的研究“元始杵”。",
      "icon:10": {
        "Count:3": 1,
        "id:8": "thaumcraft:primal_crusher",
        "tag:10": {
          "infench:9": {
            "0:10": {
              "id:2": 1,
              "lvl:2": 1
            },
            "1:10": {
              "id:2": 4,
              "lvl:2": 1
            }
          }
        }
      },
      "name:8": "清理腐化方块 - 元始杵"
    }
  },
  "questID:3": 113,
  "tasks:9": {
    "0:10": {
      "index:3": 0,
      "requiredItems:9": {
        "0:10": {
          "Count:3": 1,
          "id:8": "thaumcraft:primal_crusher",
          "tag:10": {
            "infench:9": {
              "0:10": {
                "id:2": 1,
                "lvl:2": 1
              },
              "1:10": {
                "id:2": 4,
                "lvl:2": 1
              }
            }
          }
        }
      },
      "taskID:8": "bq_standard:retrieval"
    }
  }
}