{
  "preRequisites:11": [
    95
  ],
  "properties:10": {
    "betterquesting:10": {
      "desc:8": "腐化消退之后，腐化原木，喷泉会变成咒波黏浆，进而变成神秘史莱姆。\n腐化泥土会重新变为泥土（我觉得还是次级腐化粉好玩一点...）。\n腐化岩石会变成透水石，这是一个矿物方块，挖掘它们可以得到水晶碎片，原矿簇，宝石和海晶沙砾等产物，也有几率产生一枚100点要素的腐化碎片，可以用来制作畸变镐。",
      "icon:10": {
        "Count:3": 1,
        "id:8": "thaumcraft:stone_porous"
      },
      "name:8": "腐化消退之后"
    }
  },
  "questID:3": 114,
  "tasks:9": {
    "0:10": {
      "blocks:9": {
        "0:10": {
          "amount:3": 64,
          "blockID:8": "thaumcraft:stone_porous"
        }
      },
      "index:3": 0,
      "taskID:8": "bq_standard:block_break"
    }
  }
}