{
  "preRequisites:11": [
    119
  ],
  "properties:10": {
    "betterquesting:10": {
      "desc:8": "圣洁苹果在食用后会给予额外的扭曲守护Buff,可以使你在战斗中免于受到扭曲的影响。\n\n想要制作这个物品，需要解锁位于“炼金术”的研究“圣洁之果”。",
      "icon:10": {
        "Count:3": 1,
        "id:8": "thaumicwonders:panacea"
      },
      "name:8": "更好的抑制扭曲发作 - 圣洁苹果"
    }
  },
  "questID:3": 143,
  "tasks:9": {
    "0:10": {
      "index:3": 0,
      "requiredItems:9": {
        "0:10": {
          "Count:3": 1,
          "id:8": "thaumicwonders:panacea"
        }
      },
      "taskID:8": "bq_standard:retrieval"
    }
  }
}