{
  "preRequisites:11": [
    116
  ],
  "properties:10": {
    "betterquesting:10": {
      "desc:8": "扭曲的效果无论如何抑制，终究有无法长久维持的一天，这里会讲解如何根除扭曲。\n\n你需要制作驱邪肥皂，它可以使你清除你的全部临时扭曲和一部分普通扭曲。\n\n想要它清除临时扭曲，很简单，你只需要不停的搓肥皂就可以。\n但是想让它清除普通扭曲，你就要配合净化浴盐和净化之水。\n\n在有扭曲守护Buff时，使用肥皂可以让你有概率洗去0~1点普通扭曲。\n当你泡在净化之水里面时，使用驱邪肥皂可以让你有更大概率洗去1~2点普通扭曲。\n对于永久扭曲，很抱歉，这块肥皂对它们无能为力。",
      "icon:10": {
        "Count:3": 1,
        "id:8": "thaumcraft:sanity_soap"
      },
      "name:8": "清除扭曲"
    }
  },
  "questID:3": 148,
  "tasks:9": {
    "0:10": {
      "index:3": 0,
      "requiredItems:9": {
        "0:10": {
          "Count:3": 1,
          "id:8": "thaumcraft:sanity_soap"
        }
      },
      "taskID:8": "bq_standard:retrieval"
    }
  }
}