{
  "preRequisites:11": [
    148
  ],
  "properties:10": {
    "betterquesting:10": {
      "desc:8": "使用驱邪肥皂去除普通扭曲是一件很麻烦的事情，而且驱邪肥皂和净化之水的造价十分高昂，使你批量制作它们很麻烦。\n\n这时，洁净之辉就派上用处了，洁净之辉可以稳定消除普通扭曲，但是对应的代价是，你需要将它充能，并等待一段时间，等待的时间中你的身体会不断产生咒波。\n\n充能结束后，会扣除你1~2点普通扭曲，相对而言，在后期这也是一件很值得的事情。\n\n想要制作这个物品，你需要解锁位于“奥术注魔”内的隐藏研究“洁净之辉”，它的前置研究为“元始珍珠”。",
      "icon:10": {
        "Count:3": 1,
        "id:8": "thaumicwonders:cleansing_charm"
      },
      "name:8": "更高效的清除扭曲 - 洁净之辉"
    }
  },
  "questID:3": 154,
  "tasks:9": {
    "0:10": {
      "ignoreNBT:1": 1,
      "index:3": 0,
      "requiredItems:9": {
        "0:10": {
          "Count:3": 1,
          "Damage:2": 32767,
          "id:8": "thaumicwonders:cleansing_charm"
        }
      },
      "taskID:8": "bq_standard:retrieval"
    }
  }
}