{
  "preRequisites:11": [
    68
  ],
  "properties:10": {
    "betterquesting:10": {
      "desc:8": "你的坩埚，冶炼厂等生产设备中，每点自然挥发的源质都会使咒波增加相应的数值（腐化要素更为严重），咒波存在于灵气场中会使灵气场灵气恢复速度减慢，降低灵气恢复效率。\n\n当咒波高于灵气场灵气的75%时，咒波裂隙就会出现，它会吞噬掉它接触到的方块（比如箱子，熔炉，ME驱动器等等），摧毁掉落物，所以，不要让它出现！\n\n使用坩埚时要注意使用石英碎片析出多余的源质，每个石英碎片可以析出两点源质，这可以人为的控制咒波的排放。\n\n当然，也有一些方式能降低灵气场中的咒波，这点我们后面会讲到。",
      "icon:10": {
        "Count:3": 1,
        "id:8": "thaumcraft:crucible"
      },
      "name:8": "咒波的产生"
    }
  },
  "questID:3": 60,
  "rewards:9": {
    "0:10": {
      "index:3": 0,
      "rewardID:8": "bq_standard:item",
      "rewards:9": {
        "0:10": {
          "Count:3": 1,
          "Damage:2": 9,
          "id:8": "thaumcraft:nugget"
        }
      }
    }
  },
  "tasks:9": {
    "0:10": {
      "index:3": 0,
      "taskID:8": "bq_standard:checkbox"
    }
  }
}