{
  "preRequisites:11": [
    60
  ],
  "properties:10": {
    "betterquesting:10": {
      "desc:8": "相比于坩埚来说，冶炼厂产生咒波是大量的且不可避免的，这点在玩家做出清理咒波的工具之前很难处理，所以，请把冶炼厂搬离你的基地，除非你希望你的基地被腐化。\n\n你可以为冶炼厂加装辅助排放口来中和产生的咒波，不过这不是长久之计，即便是TC6原版最强力的虚空源质冶炼厂，配合3个辅助排放口，也不能实现0咒波排放。当然，在这个整合包中，你可以继续升级你的冶炼厂为\"荒古冶炼厂\"，它可以阻止咒波的产生，不过这都是大后期的事情了，在那时你也会有能力处理咒波了。\n\n总结就是，冶炼厂在前期要远离基地。",
      "icon:10": {
        "Count:3": 1,
        "id:8": "thaumcraft:smelter_basic"
      },
      "name:8": "冶炼厂"
    }
  },
  "questID:3": 75,
  "tasks:9": {
    "0:10": {
      "index:3": 0,
      "taskID:8": "bq_standard:checkbox"
    }
  }
}