{
  "preRequisites:11": [
    81
  ],
  "properties:10": {
    "betterquesting:10": {
      "desc:8": "咒波容器是后期的一个清理咒波的高效道具，它需要配合咒波蒸馏器来使用，咒波容器会吸收灵气场中的咒波，就像灵气电池那样，而咒波蒸馏器会将咒波容器中的咒波提取出来，转化为污染源质，是一个极为稳定但效率略低的道具。\n\n想要制作这个物品，需要解锁位于“神秘学”的研究“咒波容器”，它的前置研究为“灵气电池”和“元始珍珠”。",
      "icon:10": {
        "Count:3": 1,
        "id:8": "thaumicwonders:flux_capacitor"
      },
      "name:8": "高效咒波清理 - 咒波容器"
    }
  },
  "questID:3": 87,
  "tasks:9": {
    "0:10": {
      "index:3": 0,
      "requiredItems:9": {
        "0:10": {
          "Count:3": 1,
          "id:8": "thaumicwonders:flux_capacitor"
        },
        "1:10": {
          "Count:3": 1,
          "id:8": "thaumicwonders:flux_distiller"
        }
      },
      "taskID:8": "bq_standard:retrieval"
    }
  }
}