{
  "preRequisites:11": [
    78
  ],
  "properties:10": {
    "betterquesting:10": {
      "desc:8": "上一章中我们讲了腐化的产生，那么这里要讲解一下腐化的扩散。\n\n咒波在腐化裂变后，会产生一个腐化孢子巢穴，但是一个腐化孢子巢穴的扩散能力终归是有限的，不能长久维持过远距离的腐化。这时，腐化孢子就会在巢穴所能控制的边缘出现，它们也会传播腐化，且在它们的范围边缘也会产生腐化孢子，这是一种恶性循环！\n\n而且，如果腐化过于严重，那么在你击杀腐化孢子巢穴和腐化孢子之后，还可能会有新的腐化孢子生成！所以你必须长时间前往清理腐化，不然，腐化还可能会复发。\n\n如果腐化蔓延太深，导致腐化孢子出现在地下洞穴里，因为腐化方块十分难挖掘，而在前期并无好的挖掘腐化方块手段（腐化方块的抗爆性极高），所以会产生无法彻底清理腐化的情况出现！在前期，如果你无法控制腐化的形成，请务必让它远离基地，否则必定会覆水难收！",
      "icon:10": {
        "Count:3": 1,
        "id:8": "thaumcraft:taint_geyser"
      },
      "name:8": "腐化的扩散"
    }
  },
  "questID:3": 95,
  "tasks:9": {
    "0:10": {
      "index:3": 0,
      "taskID:8": "bq_standard:checkbox"
    }
  }
}