{
  "net.minecraft.entity.item.EntityPainting": 2.0,
  "com.github.alexthe666.iceandfire.entity.EntityTroll": 2.0,
  "net.minecraft.entity.passive.EntityMooshroom": 2.0,
  "net.minecraft.entity.monster.EntityPigZombie": 2.0,
  "net.minecraft.entity.monster.EntityIllusionIllager": 2.0,
  "net.minecraft.entity.passive.EntityCow": 2.0,
  "com.github.alexthe666.iceandfire.entity.EntityCyclops": 2.0,
  "com.github.alexthe666.iceandfire.entity.EntityGorgon": 2.0,
  "com.github.alexthe666.iceandfire.entity.EntityDragonSkull": 2.0,
  "net.minecraft.entity.item.EntityArmorStand": 2.0,
  "com.github.alexthe666.iceandfire.entity.EntitySiren": 2.0,
  "net.minecraft.entity.passive.EntitySquid": 2.0,
  "net.minecraft.entity.monster.EntityZombieVillager": 2.0,
  "net.minecraft.entity.monster.EntityZombie": 2.0,
  "com.github.alexthe666.iceandfire.entity.EntityDeathWormEgg": 2.0,
  "net.minecraft.entity.monster.EntityEvoker": 2.0,
  "com.github.alexthe666.iceandfire.entity.EntityCyclopsEye": 2.0,
  "com.github.alexthe666.iceandfire.entity.EntityDragonEgg": 2.0,
  "com.github.alexthe666.iceandfire.entity.EntitySeaSerpent": 2.0,
  "com.github.alexthe666.iceandfire.entity.EntityHippogryphEgg": 2.0,
  "com.github.alexthe666.iceandfire.entity.EntityHydra": 2.0,
  "net.minecraft.entity.passive.EntityPig": 2.0,
  "com.github.alexthe666.iceandfire.entity.EntityMyrmexSentinel": 2.0,
  "com.github.alexthe666.iceandfire.entity.EntityMyrmexQueen": 2.0,
  "com.github.alexthe666.iceandfire.entity.util.EntityMultipartPart": 2.0,
  "com.github.alexthe666.iceandfire.entity.EntityMyrmexSoldier": 2.0,
  "com.github.alexthe666.iceandfire.entity.EntityPixie": 2.0,
  "net.minecraft.entity.monster.EntitySlime": 2.0,
  "net.minecraft.entity.monster.EntityPolarBear": 2.0,
  "net.minecraft.entity.monster.EntityShulker": 2.0,
  "net.minecraft.entity.passive.EntityVillager": 2.0,
  "net.minecraft.entity.item.EntityItemFrame": 2.0,
  "com.github.alexthe666.iceandfire.entity.EntityMyrmexRoyal": 2.0,
  "net.minecraft.entity.monster.EntityBlaze": 2.0,
  "net.minecraft.entity.monster.EntityCreeper": 2.0,
  "net.minecraft.entity.monster.EntitySilverfish": 2.0,
  "net.minecraft.entity.monster.EntityEnderman": 2.0,
  "net.minecraft.entity.monster.EntityWitherSkeleton": 2.0,
  "net.minecraft.entity.monster.EntityHusk": 2.0,
  "net.minecraft.entity.monster.EntityElderGuardian": 2.0,
  "net.minecraft.entity.passive.EntitySheep": 2.0,
  "net.minecraft.entity.passive.EntityOcelot": 2.0,
  "net.minecraft.entity.item.EntityXPOrb": 2.0,
  "net.minecraft.entity.passive.EntityBat": 2.0,
  "com.github.alexthe666.iceandfire.entity.EntitySnowVillager": 2.0,
  "com.github.alexthe666.iceandfire.entity.EntityMyrmexEgg": 2.0,
  "net.minecraft.entity.monster.EntitySpider": 2.0,
  "com.github.alexthe666.iceandfire.entity.EntityStymphalianBird": 2.0,
  "net.minecraft.entity.monster.EntityVex": 2.0,
  "net.minecraft.entity.monster.EntitySkeleton": 2.0,
  "net.minecraft.entity.passive.EntityChicken": 2.0,
  "net.minecraft.entity.monster.EntityGuardian": 2.0,
  "net.minecraft.entity.passive.EntityRabbit": 2.0,
  "net.minecraft.entity.monster.EntityCaveSpider": 2.0,
  "net.minecraft.entity.monster.EntityGhast": 2.0,
  "net.minecraft.entity.monster.EntityEndermite": 2.0,
  "com.github.alexthe666.iceandfire.entity.EntityMyrmexWorker": 2.0,
  "net.minecraft.entity.monster.EntityVindicator": 2.0,
  "com.github.alexthe666.iceandfire.entity.EntityHippocampus": 2.0,
  "net.minecraft.entity.monster.EntityMagmaCube": 2.0,
  "net.minecraft.entity.passive.EntityParrot": 2.0,
  "net.minecraft.entity.item.EntityItem": 2.0,
  "net.minecraft.entity.monster.EntityStray": 2.0,
  "net.minecraft.entity.monster.EntityWitch": 2.0
}