{
  "preRequisites:11": [
    619
  ],
  "properties:10": {
    "betterquesting:10": {
      "desc:8": "灵宝装备和普通钻石装备一样，不过它们附带了4%的魔力减免，emmmmmm，再也不用担心损坏了！",
      "icon:10": {
        "Count:3": 1,
        "id:8": "thaumictinkerer:ichor_helm"
      },
      "name:8": "灵宝装备"
    }
  },
  "questID:3": 609,
  "tasks:9": {
    "0:10": {
      "index:3": 2,
      "requiredItems:9": {
        "0:10": {
          "Count:3": 1,
          "id:8": "thaumictinkerer:ichor_helm"
        },
        "1:10": {
          "Count:3": 1,
          "id:8": "thaumictinkerer:ichor_chest"
        },
        "2:10": {
          "Count:3": 1,
          "id:8": "thaumictinkerer:ichor_legs"
        },
        "3:10": {
          "Count:3": 1,
          "id:8": "thaumictinkerer:ichor_boots"
        }
      },
      "taskID:8": "bq_standard:retrieval"
    }
  }
}