{
  "preRequisites:11": [
    632
  ],
  "properties:10": {
    "betterquesting:10": {
      "desc:8": "一把永不损坏的镐，拥有三种模式：\n\n在方块模式（绿色）下它按正常方式挖掘。\n\n在正方模式（红色）下它会在起始方块周围一次挖掘出5*5的区域。\n\n在线性模式（蓝色）下它会挖掘破坏方向10格的方块。\n\n在主世界基岩层，用觉醒灵宝镐直接挖基岩就会出现基岩传送门进入后会被传送到基岩世界。",
      "icon:10": {
        "Count:3": 1,
        "id:8": "thaumictinkerer:ichorium_pick_adv"
      },
      "name:8": "基岩世界钥匙"
    }
  },
  "questID:3": 617,
  "tasks:9": {
    "0:10": {
      "index:3": 0,
      "requiredItems:9": {
        "0:10": {
          "Count:3": 1,
          "id:8": "thaumictinkerer:ichorium_pick_adv"
        }
      },
      "taskID:8": "bq_standard:retrieval"
    }
  }
}