{
  "preRequisites:11": [
    618
  ],
  "properties:10": {
    "betterquesting:10": {
      "desc:8": "使用灵宝制作灵布，这是制作灵宝装备和觉醒灵宝工具的重要原料。",
      "icon:10": {
        "Count:3": 1,
        "Damage:2": 4,
        "id:8": "thaumictinkerer:kamiresource"
      },
      "name:8": "灵布"
    }
  },
  "questID:3": 619,
  "tasks:9": {
    "0:10": {
      "index:3": 0,
      "requiredItems:9": {
        "0:10": {
          "Count:3": 1,
          "Damage:2": 4,
          "id:8": "thaumictinkerer:kamiresource"
        }
      },
      "taskID:8": "bq_standard:retrieval"
    }
  }
}