{
  "preRequisites:11": [
    632
  ],
  "properties:10": {
    "betterquesting:10": {
      "desc:8": "一把永远都不会损坏的铲子，拥有三种形态：\n\n在方块模式（绿色）下它按正常方式挖掘。\n\n在正方模式（红色）下它会在起始方块周围一次挖掘出5*5的区域。\n\n在柱型模式（蓝色）下它会呈柱形在上下各8格的范围内挖掘与起始方块同类型方块。",
      "icon:10": {
        "Count:3": 1,
        "id:8": "thaumictinkerer:ichorium_shovel_adv"
      },
      "name:8": "New Quest"
    }
  },
  "questID:3": 629,
  "tasks:9": {
    "0:10": {
      "index:3": 1,
      "requiredItems:9": {
        "0:10": {
          "Count:3": 1,
          "id:8": "thaumictinkerer:ichorium_shovel_adv"
        }
      },
      "taskID:8": "bq_standard:retrieval"
    }
  }
}