{
  "preRequisites:11": [
    624
  ],
  "properties:10": {
    "betterquesting:10": {
      "desc:8": "元动能量很难收集，但是大多数情况下，一些设备只要很少的一点元动能量就能运行很长时间，但奥术群系转换仪不是，它需要消耗巨量的元动能量和其他能量，所以使用裂隙慢慢抽取总不是办法，我们需要储存元动能量。\n\n搭建元动矩阵并不费力，只要按书上的说明去搭建就好，但是接下来的步骤比较繁琐。\n\n首先，需要将元动能量单元右键点击装载在矩阵上下方基座的四个面上，因此最多能安装8个。即使只有一个单元，矩阵也会被启动。单元数量增加会让元动矩阵缓存更多的元动能量，并且加快存入和提取的速度。要去除元动能量单元，只需空手右击即可。但是这样做，超出的部分能量就会消失，所以要注意不要浪费掉。\n\n矩阵要维持稳定，当充能元动能量被存储在结构中，结构就开始逐渐失去稳定性。随着存储的元动能量越来越多，稳定性的损失就越来越大。可以通过对称摆放注魔稳定性方块，元动矩阵的检测范围与注魔祭坛相比较更小，只有 5 x 5就够了,不过与注魔祭坛的稳定度计算方式相同。一旦元动矩阵变得不稳定，就可能会释放一些淡紫色的闪电电弧，或是把元动能量单元弹出基座，或是其他的不利影响。可以通过佩戴揭示之护目镜观测中心的矩阵方块来了解矩阵的稳定性增益和损失。\n\n元动矩阵有输入槽与输出槽各一个。使用元动谐振器绑定时，需要将其指向中间的矩阵方块绑定。矩阵符文的颜色也可以预示着矩阵内能量的多少：红色代表没有能量，黄色代表半满，绿色就代表已经满了。另外可以将红石比较器放置在元动矩阵的任意部分旁边来输出一个代表内部能量存储量的红石信号。",
      "icon:10": {
        "Count:3": 1,
        "id:8": "thaumicaugmentation:impetus_matrix"
      },
      "name:8": "存储元动能量 -- 元动矩阵"
    }
  },
  "questID:3": 635,
  "tasks:9": {
    "0:10": {
      "index:3": 0,
      "requiredItems:9": {
        "0:10": {
          "Count:3": 2,
          "id:8": "thaumcraft:pedestal_eldritch"
        },
        "1:10": {
          "Count:3": 1,
          "id:8": "thaumcraft:infusion_matrix"
        },
        "2:10": {
          "Count:3": 1,
          "id:8": "thaumcraft:salis_mundus"
        }
      },
      "taskID:8": "bq_standard:retrieval"
    },
    "1:10": {
      "index:3": 1,
      "requiredItems:9": {
        "0:10": {
          "Count:3": 1,
          "Damage:2": 3,
          "id:8": "thaumicaugmentation:material"
        }
      },
      "taskID:8": "bq_standard:retrieval"
    },
    "2:10": {
      "index:3": 2,
      "requiredItems:9": {
        "0:10": {
          "Count:3": 12,
          "id:8": "thaumcraft:candle_white"
        }
      },
      "taskID:8": "bq_standard:retrieval"
    },
    "3:10": {
      "index:3": 3,
      "requiredItems:9": {
        "0:10": {
          "Count:3": 4,
          "id:8": "thaumcraft:stabilizer"
        }
      },
      "taskID:8": "bq_standard:retrieval"
    }
  }
}