{
  "preRequisites:11": [
    628
  ],
  "properties:10": {
    "betterquesting:10": {
      "desc:8": "这些密封的罐子可以用来储存裂隙，使用裂隙封装仪和释放仪来收集和释放它们。\n\n具体操作为：把罐子放在裂隙下一段距离（不要紧贴着，可能会被裂隙破坏掉），在罐子的上面放置裂隙封装仪，用法师护手右键它，就能将其封装到罐子里，注意，这个裂隙在完全消失时也会让附近生物扭曲，所以在操作过程一定要尽可能的原跑！\n\n释放过程与封装过程相似，将缸中裂隙放在你想要裂隙出现地点的地下，在其上方放置裂隙释放仪，再用法师护手右键它，就能把它释放出来。\n\n缸中裂隙也可以用漏斗通入垃圾，作为垃圾桶，但是不要把缸中裂隙扔进裂隙或另一个缸中裂隙中，因为那样...会爆炸，并且会产生一只元始精灵！",
      "icon:10": {
        "Count:3": 1,
        "id:8": "thaumicaugmentation:rift_jar"
      },
      "name:8": "裂隙的定点释放 -- 裂隙罐子"
    }
  },
  "questID:3": 637,
  "tasks:9": {}
}