{
  "preRequisites:11": [
    635
  ],
  "properties:10": {
    "betterquesting:10": {
      "desc:8": "唯一一个100%效率的冶炼厂，有着离谱的速度和巨额的储量。\n搭建多方块结构，再往上撒一把世界盐，就能成型，工作需要消耗灵气，以及需要向炉心传输元动能量。\n\n\n\u003d\u003d\u003d\u003d\u003d\u003d\u003d\u003d\u003d\u003d\u003d\u003d\u003d\u003d\u003d\u003d\u003d\u003d\u003d\u003d\u003d炼金隔栅\u003d\u003d\u003d\u003d\u003d\u003d\u003d\u003d\u003d\u003d\u003d\u003d\u003d\u003d\u003d\u003d\u003d\n对比普通的滤物隔栅，炼金隔栅有梗多缓存空间，能将物品自动输入至多方块冶炼厂中。",
      "icon:10": {
        "Count:3": 1,
        "id:8": "thaumcraft:metal_alchemical_advanced"
      },
      "name:8": "荒古冶炼厂"
    }
  },
  "questID:3": 675735795,
  "tasks:9": {
    "0:10": {
      "index:3": 0,
      "requiredItems:9": {
        "0:10": {
          "Count:3": 4,
          "id:8": "thaumcraft:metal_alchemical"
        },
        "1:10": {
          "Count:3": 4,
          "id:8": "thaumcraft:alembic"
        },
        "2:10": {
          "Count:3": 8,
          "id:8": "thaumcraft:metal_alchemical_advanced"
        },
        "3:10": {
          "Count:3": 1,
          "id:8": "thaumcraft:smelter_basic"
        },
        "4:10": {
          "Count:3": 1,
          "id:8": "thaumcraft:salis_mundus"
        }
      },
      "taskID:8": "bq_standard:retrieval"
    },
    "1:10": {
      "index:3": 1,
      "requiredItems:9": {
        "0:10": {
          "Count:3": 1,
          "id:8": "advanced_smelter:alchemical_grate"
        }
      },
      "taskID:8": "bq_standard:optional_retrieval"
    }
  }
}