{
  "preRequisites:11": [
    17
  ],
  "properties:10": {
    "betterquesting:10": {
      "desc:8": "研究台周围9x9x3放置一些特定的方块，并在开始研究前选中会增加抽中某种卡片的概率，但是会消耗一点灵感，这些方块具体如下：\n\n书架：概率出现卡片“注解”。\n\n附魔台：概率出现卡片“研究附魔”。\n\n信标：概率出现卡片“灵气作用”。\n\n奥术工作台：增加出现炼化学相关的卡片的概率。\n\n坩埚：增加出现炼金术相关的卡片的概率。\n\n核心镶饰台：增加出现神秘学相关的卡片的概率。\n\n傀儡工坊：增加出现傀儡学相关卡片出现的概率。\n\n符文矩阵：增加出现奥术注魔相关卡片出现的概率。\n\n缸中之脑：概率出现卡片“黑暗低语”。\n\n传送门：概率出现卡片“异界回响”。\n\n雕文石头：概率出现卡片“研究雕文”。\n\n当玩家完成“天相研究”研究后：概率出现卡片“天相研究”。\n\n灵感引擎（源质\u003e5）：根据剩余源质（5~15）增加1~3张“获得灵感”卡片。\n\n疯狂引擎（源质\u003e5）：根据剩余源质（5~15）增加1~3张“获得疯狂”卡片。\n\n缸中裂隙：概率出现“缸中裂隙”卡片。\n\n裂隙监测仪：概率出现“裂隙监测仪”卡片。\n\nME控制器：增加出现能源学卡片的概率。",
      "icon:10": {
        "Count:3": 1,
        "id:8": "minecraft:bookshelf"
      },
      "name:8": "研究专精"
    }
  },
  "questID:3": 37,
  "rewards:9": {
    "0:10": {
      "choices:9": {
        "0:10": {
          "Count:3": 1,
          "id:8": "thaumcraft:arcane_workbench"
        },
        "1:10": {
          "Count:3": 1,
          "id:8": "minecraft:bookshelf"
        },
        "2:10": {
          "Count:3": 1,
          "id:8": "thaumcraft:curio"
        }
      },
      "index:3": 0,
      "rewardID:8": "bq_standard:choice"
    }
  },
  "tasks:9": {
    "0:10": {
      "index:3": 0,
      "taskID:8": "bq_standard:checkbox"
    }
  }
}