{
  "preRequisites:11": [
    37
  ],
  "properties:10": {
    "betterquesting:10": {
      "desc:8": "选择不同的卡片会有不同的效果，以下为不同的效果：\n\n卡片效果（消耗灵感）：\n\n实验（1） - 一个随机科目获得15~30%完成度，基础学获得1~10%完成度。\n\n分析*（2） - 将1点观察研究点数换成该科目的25~50%完成度，另一个科目获得5%完成度。\n\n放弃（0） - 保留某科目已有的完成度，并且不会抽到任何有关该科目的卡片，基础学获得5%完成度。\n\n反思（-1）- 所有科目平均地失去共10%完成度，基础学获得1~10%完成度，玩家获得1灵感和一次额外的抽卡机会。\n\n沉思*（2）- 所有科目平均地获得25%完成度，基础学获得5%完成度，玩家获得一次额外的抽卡机会。\n\n注解（1）- 失去某科目所有完成度，并将失去完成度的50~100%转移到另一科目。\n\n启发（2）- 现完成度最高的科目获得 10%+现完成度/2 的完成度。\n\n研究（1）- 某科目获得15~25%完成度。\n\n通用理论（1）- 将现有的所有完成度平均分配到所有科目中，基础学获得5%完成度，一个额外的科目将获得全额完成度。\n\n研究珍品（1）- 消耗1个珍品，基础学和一个随机科目获得5%完成度，珍品对应的学科获得25~35%完成度（若珍品是血腥仪式，则邪术学获得15~20%，神秘学获得10~15%）。\n\n研究附魔（1）- 消耗5级经验，奥术注魔和神秘学各获得15~20点完成度。\n\n灵气作用（-2）- 玩家获得2灵感以及一次额外的抽卡机会，一个额外的科目将获得全额完成度。\n\n天象研究（1）- 消耗两张天象笔记，现完成度最高的科目获得25~50%完成度，且不同种类的笔记会有不同的特殊效果。\n\n【日：一个额外的科目将获得全额完成度。月：获得一次额外的抽卡机会。星：获得0~10%的邪术学完成度，以及最多5点临时扭曲。】\n\n浓缩（1）- 获得15%炼金术完成度和一次额外的抽卡机会，33%概率获得1灵感。\n\n反应（1）- 获得25%炼金术完成度，33%概率获得1灵感。\n\n合成（1）- 把两个碎片合成为对应组合要素的碎片，获得40%炼金术完成度，33%概率获得1灵感。\n\n测量（1）- 获得15%奥术注魔完成度和一次额外的抽卡机会。\n\n注魔实验（1）- 消耗物品X 和源质安瓿，获得10+1.5*√（物品X总源质含量）%奥术注魔完成度。\n\n引导（1）- 获得25%奥术注魔完成度。\n\n校准（1）- 获得15%炼化学完成度和一次额外的抽卡机会。\n\n调整（1）- 获得3*√（物品总源质含量）~3*√（物品总源质含量）+10 %炼化学完成度。\n\n意识超脱于物质（1）- 消耗物品X，获得10+√（物品X总源质含量） %炼化学完成度。\n\n结合法术（1）- 失去最多5级经验，每失去1级获得5%神秘学完成度。\n\n认知（1）- 获得20%神秘学完成度，33%概率获得1~5%邪术学完成度和1点普通扭曲。\n\n全神贯注（1）- 获得15%神秘学完成度和一次额外的抽卡机会。\n\n雕塑（1）- 消耗1个粘土球，获得20%傀儡学完成度和一次额外的抽卡机会。\n\n脚本编写（1）- 消耗1张纸和1点墨水，获得25%傀儡学完成度。\n\n协同（1）- 炼金术、炼化学和奥术注魔平均地失去共15%完成度，傀儡学获得30%完成度。一个额外的科目将获得全额完成度。\n\n黑暗低语（1）- 消耗玩家所有经验等级，获得 0.2*等级~0.5*等级 %邪术学完成度，玩家获得 √（等级）点普通扭曲，50%概率获得√（等级） %随机科目完成度，50%概率获得一次额外的抽卡机会。\n\n研究雕文（1）- 获得10~20%邪术学完成度、10~20%随机科目完成度，玩家获得5点临时扭曲。\n\n顿悟（1）- 获得15%邪术学完成度、两个随机科目各获得5~10%完成度，玩家获得5点临时扭曲，50%概率玩家获得1点普通扭曲。\n\n启示（1）- 获得30%邪术学完成度和5~10%随机科目完成度，玩家获得5点临时扭曲和1点普通扭曲。\n\n寻求真相（1）- 获得10~25%邪术学完成度和一次额外的抽卡机会，玩家获得3点临时扭曲。\n\n异界回响（-1）- 邪术学和两个随机科目各获得5~10%完成度，获得1灵感和2次额外的抽卡机会，玩家获得5点临时扭曲和1点普通扭曲。\n\n获得灵感（-1）-\n10到35点第一个选择的分支进度，一点灵感和一个额外分支选择，消耗内存5点源质。\n\n获得疯狂（-1） - 获得一定邪术学分支点数（随选择次数增加而增加），增加一点灵感和一个额外分支选择，消耗内存10点源质。\n\n修复物质/能量（1） - 能源学获得10~25%分支进度。\n\n缸中裂隙（1） - 三个随机分支获得10~30%分支进度。两个额外的科目获得全额完成度。\n\n裂隙监测仪（1） - 邪术学获得20~40%分支进度，不产生扭曲。\n\n§l§6§l来源：mcmod.cn,作者无公害曲奇。",
      "icon:10": {
        "Count:3": 1,
        "id:8": "thaumcraft:scribing_tools"
      },
      "name:8": "研究内容"
    }
  },
  "questID:3": 40,
  "rewards:9": {
    "0:10": {
      "choices:9": {
        "0:10": {
          "Count:3": 16,
          "id:8": "minecraft:paper"
        },
        "1:10": {
          "Count:3": 1,
          "Damage:2": 1,
          "id:8": "thaumcraft:curio"
        },
        "2:10": {
          "Count:3": 1,
          "id:8": "minecraft:dye"
        }
      },
      "index:3": 0,
      "rewardID:8": "bq_standard:choice"
    }
  },
  "tasks:9": {
    "0:10": {
      "index:3": 0,
      "taskID:8": "bq_standard:checkbox"
    }
  }
}