{
  "preRequisites:11": [
    37
  ],
  "properties:10": {
    "betterquesting:10": {
      "desc:8": "细语草可以缓慢的增加你的研究进度，但是也会有几率带给你临时扭曲！\n\n如果你没发展§2§l植物魔法§r，那么这一节你可以忽略不看，因为这朵花是消耗魔力的。",
      "icon:10": {
        "Count:3": 1,
        "id:8": "botania:specialflower",
        "tag:10": {
          "type:8": "whisperweed"
        }
      },
      "name:8": "恶魔低语"
    }
  },
  "questID:3": 42,
  "tasks:9": {
    "0:10": {
      "index:3": 0,
      "requiredItems:9": {
        "0:10": {
          "Count:3": 1,
          "id:8": "botania:specialflower",
          "tag:10": {
            "type:8": "whisperweed"
          }
        }
      },
      "taskID:8": "bq_standard:retrieval"
    }
  }
}