{
  "preRequisites:11": [
    37
  ],
  "properties:10": {
    "betterquesting:10": {
      "desc:8": "在附魔台偶尔你能附魔到“睿智”附魔，使用它击杀怪物会得到一些知识。\n\n§o§m你的剑都比你有脑子。",
      "icon:10": {
        "Count:3": 1,
        "id:8": "minecraft:enchanted_book",
        "tag:10": {
          "StoredEnchantments:9": {
            "0:10": {
              "id:2": 12,
              "lvl:2": 3
            }
          }
        }
      },
      "name:8": "大聪明"
    }
  },
  "questID:3": 43,
  "tasks:9": {
    "0:10": {
      "index:3": 0,
      "taskID:8": "bq_standard:checkbox"
    }
  }
}