{
  "preRequisites:11": [
    37
  ],
  "properties:10": {
    "betterquesting:10": {
      "desc:8": "你可以使用知识共享手册来和你的队友分享你的已经解锁的研究。\n在工作台合成一下来覆写它。",
      "icon:10": {
        "Count:3": 1,
        "id:8": "thaumictinkerer:share_book",
        "tag:10": {
          "player:8": "[none]"
        }
      },
      "name:8": "分享知识"
    }
  },
  "questID:3": 50,
  "tasks:9": {
    "0:10": {
      "index:3": 0,
      "requiredItems:9": {
        "0:10": {
          "Count:3": 1,
          "id:8": "thaumictinkerer:share_book",
          "tag:10": {
            "player:8": "[none]"
          }
        }
      },
      "taskID:8": "bq_standard:retrieval"
    }
  }
}