{
  "preRequisites:11": [
    148
  ],
  "properties:10": {
    "betterquesting:10": {
      "desc:8": "纯净泪水可以清除你所有的普通与临时扭曲，并大幅减少你的永久扭曲。\n当然，这也是有代价的。\n在清理完扭曲后，你会疯狂的受到扭曲事件的影响，所以最好的方法就是在食用后自杀！",
      "icon:10": {
        "Count:3": 1,
        "id:8": "warptheory:item_cleanser"
      },
      "name:8": "纯净泪水"
    }
  },
  "questID:3": 25,
  "tasks:9": {
    "0:10": {
      "index:3": 0,
      "requiredItems:9": {
        "0:10": {
          "Count:3": 1,
          "id:8": "warptheory:item_cleanser"
        }
      },
      "taskID:8": "bq_standard:retrieval"
    }
  }
}