{
  "preRequisites:11": [
    117
  ],
  "properties:10": {
    "betterquesting:10": {
      "desc:8": "与神智检测仪不同。\n奥术石蕊试纸可以精确的检测你的扭曲值。\n不过当你扭曲过高后会消耗它。",
      "icon:10": {
        "Count:3": 1,
        "id:8": "warptheory:item_warppaper"
      },
      "name:8": "奥术石蕊试纸"
    }
  },
  "questID:3": 44,
  "tasks:9": {
    "0:10": {
      "index:3": 0,
      "requiredItems:9": {
        "0:10": {
          "Count:3": 1,
          "id:8": "warptheory:item_warppaper"
        }
      },
      "taskID:8": "bq_standard:retrieval"
    }
  }
}