{
  "preRequisites:11": [
    148
  ],
  "properties:10": {
    "betterquesting:10": {
      "desc:8": "污秽泪水可以去除你5点任意扭曲，清除顺序为临时-\u003e普通-\u003e永久。\n也就是说，只有当你的临时扭曲被完全清除后，才能清理普通扭曲，永久扭曲同理。\n不过...它只会在你总扭曲值高于50点时生效。",
      "icon:10": {
        "Count:3": 1,
        "id:8": "warptheory:item_cleanser_minor"
      },
      "name:8": "污秽泪水"
    }
  },
  "questID:3": 46,
  "tasks:9": {
    "0:10": {
      "index:3": 0,
      "requiredItems:9": {
        "0:10": {
          "Count:3": 1,
          "id:8": "warptheory:item_cleanser_minor"
        }
      },
      "taskID:8": "bq_standard:retrieval"
    }
  }
}