{
  "preRequisites:11": [
    60
  ],
  "properties:10": {
    "betterquesting:10": {
      "desc:8": "上文已经提到过裂隙的产生条件，现在来说一说裂隙对环境的一些影响。\n\n首先，裂隙偏向于在所在区块最高的方块上出现，所以，如果你没有足够的能力控制自己的污染，可以在你基地所在的区块上铺一堵墙，来防止裂隙吞噬掉那些储存着物品的容器。\n\n其次，裂隙是有稳定值的，通常，裂隙会吸收灵气场中的咒波来维持自身的稳定，当咒波含极少/清零时，裂隙会不稳定，不稳定的裂隙可能会为周围玩家施加“咒流”Debuff，在玩家所处位置制造咒流云雾团，并进一步增加裂隙的不稳定，当裂隙不稳定达到一定等级时，裂隙便会消失。\n\n裂隙的消失通常有两种情况，坍缩和腐化。\n\n坍缩自然发生概率极低，坍缩掉的裂隙会在坍缩后掉落虚空种子和元始珍珠等奖励，用于解锁邪术学，被§c悖论物质§r炸毁的裂隙必定发生坍缩。\n\n腐化为大多数情况，裂隙会突然消失并留下一个腐化孢子巢穴，它类似于TC4的腐化节点，是腐化的源头，它会缓慢的污染周围的环境，并对周围的生物施加§5腐毒§rDebuff,被腐毒感染的生物生命值归零时可能会变为对应的“腐化”品种，血量提高并对玩家有攻击性。\n\n所以，在腐化孢子巢穴出现在基地附近时，必须尽快击杀，在前期，近战往往是不可取的，可以使用法师护手或骨弓等远程武器击杀，腐化孢子巢穴被击败后会掉落腐化碎片和（小概率）扭曲珍品。",
      "icon:10": {
        "Count:3": 1,
        "id:8": "thaumcraft:bottle_taint"
      },
      "name:8": "裂隙"
    }
  },
  "questID:3": 78,
  "tasks:9": {
    "0:10": {
      "index:3": 0,
      "taskID:8": "bq_standard:checkbox"
    }
  }
}