{
  "preRequisites:11": [
    75
  ],
  "properties:10": {
    "betterquesting:10": {
      "desc:8": "灵气场中的咒波使用常规方法难以清除，只能等到咒波蔓延到其他区块或被裂隙吸收，当然这都是被动清理咒波。\n\n在前期，你可以使用咒波凝结器来清除咒波，在凝结器上安装隔栅，并在凝结其四周通入非腐化源质，在凝结器下放置一个用于盛装污染源质的罐子，咒波凝结器就会正常工作了。\n\n使用越多的凝结隔栅，原址的使用效率就越高，意味着一点非腐化源质能清理更多的咒波。\n\n但是，凝结隔栅在吸收咒波时有几率堵塞（变成紫色），需要用源质滤管右键它来修好它，这个操作需要消耗源质滤管，所以要增加源质滤管的储备。\n\n警告：不要向咒波凝结器内通入污染源质，不然你的凝结器连接的隔栅会立刻变为堵塞状态。",
      "icon:10": {
        "Count:3": 1,
        "id:8": "thaumcraft:condenser"
      },
      "name:8": "咒波清理"
    }
  },
  "questID:3": 81,
  "tasks:9": {
    "0:10": {
      "index:3": 0,
      "taskID:8": "bq_standard:checkbox"
    }
  }
}