{
  "preRequisites:11": [
    99
  ],
  "properties:10": {
    "betterquesting:10": {
      "desc:8": "在基础学当中，需要先研究发现：神秘学章节，1.到达主世界的Y\u003c10和 Y\u003e105左右的高度。2.按照配方制作魔力谐振器与法师护手\n\n然后转到神秘学大章节，研究基础法术章节。",
      "frame:8": "GATE",
      "icon:10": {
        "Count:3": 1,
        "id:8": "thaumcraft:caster_basic"
      },
      "ismain:1": 1,
      "name:8": "施法器"
    }
  },
  "questID:3": 104,
  "tasks:9": {
    "0:10": {
      "index:3": 1,
      "requiredItems:9": {
        "0:10": {
          "Count:3": 1,
          "id:8": "thaumcraft:caster_basic"
        }
      },
      "taskID:8": "bq_standard:retrieval"
    }
  }
}