{
  "preRequisites:11": [
    145,
    104
  ],
  "properties:10": {
    "betterquesting:10": {
      "desc:8": "注魔，虽然是和神秘学并列的任务，但是需要神秘学的法师护手作为支撑。\n注魔需要的祖传装置是注魔祭坛。\n它需要八个奥术石材、一个奥术基座、一个符文矩阵和一把世界盐。建筑图可以在奥术注魔一章的注魔章节中，书页右侧的“书签”中查到。\n搭建之后，需要在其上撒上一把世界盐，然后用法师护手右击符文矩阵，这个注魔祭坛就搭建完成了！\n注魔祭坛需要放置基座在周围，前期建议制作2对对称放置的注魔基座，注意一定要对称放置，不然会降低注魔祭坛的稳定度。\n",
      "frame:8": "GATE",
      "icon:10": {
        "Count:3": 1,
        "id:8": "thaumcraft:infusion_matrix"
      },
      "ismain:1": 1,
      "name:8": "注魔祭坛"
    }
  },
  "questID:3": 146,
  "tasks:9": {
    "0:10": {
      "index:3": 0,
      "requiredItems:9": {
        "0:10": {
          "Count:3": 8,
          "id:8": "thaumcraft:stone_arcane"
        },
        "1:10": {
          "Count:3": 1,
          "id:8": "thaumcraft:infusion_matrix"
        },
        "2:10": {
          "Count:3": 5,
          "id:8": "thaumcraft:pedestal_arcane"
        },
        "3:10": {
          "Count:3": 1,
          "id:8": "thaumcraft:salis_mundus"
        }
      },
      "taskID:8": "bq_standard:retrieval"
    }
  }
}