{
  "preRequisites:11": [
    124
  ],
  "properties:10": {
    "betterquesting:10": {
      "desc:8": "奥术工作台充能器，它可以放置于奥术工作台和核心镶饰台上方。\n放置后奥术工作台灵气使用范围从当前区块扩展至周边共计9个区块，消耗的灵气也会平均从9个区块抽取。",
      "icon:10": {
        "Count:3": 1,
        "id:8": "thaumcraft:arcane_workbench_charger"
      },
      "name:8": "增容"
    }
  },
  "questID:3": 169,
  "tasks:9": {
    "0:10": {
      "index:3": 0,
      "requiredItems:9": {
        "0:10": {
          "Count:3": 1,
          "id:8": "thaumcraft:arcane_workbench_charger"
        }
      },
      "taskID:8": "bq_standard:retrieval"
    }
  }
}