{
  "preRequisites:11": [
    169,
    124
  ],
  "properties:10": {
    "betterquesting:10": {
      "desc:8": "神秘法师护手有着更快的施法速度，更高的伤害，以及可以装备一些更炫酷的升级配件，升级你的法师护手，并为其装备增强配件！\n当然，在后面，你也需要这个法师护手来打开通向另一个世界的大门...\n想要制作此物品，需解锁其前置“神秘法师护手”。",
      "frame:8": "GATE",
      "icon:10": {
        "Count:3": 1,
        "ForgeCaps:10": {
          "Parent:10": {
            "slots:3": 3
          }
        },
        "id:8": "thaumicaugmentation:gauntlet",
        "tag:10": {
          "color:3": 8022208
        }
      },
      "ismain:1": 1,
      "name:8": "更好的法师护手"
    }
  },
  "questID:3": 175,
  "tasks:9": {
    "0:10": {
      "ignoreNBT:1": 1,
      "index:3": 0,
      "requiredItems:9": {
        "0:10": {
          "Count:3": 1,
          "ForgeCaps:10": {
            "Parent:10": {
              "slots:3": 3
            }
          },
          "id:8": "thaumicaugmentation:gauntlet",
          "tag:10": {
            "color:3": 8022208
          }
        }
      },
      "taskID:8": "bq_standard:retrieval"
    }
  }
}