{
  "preRequisites:11": [
    186
  ],
  "properties:10": {
    "betterquesting:10": {
      "desc:8": "一种可以在玩家食用物品时为其提供额外饱食度的饰品。\n\n它只会在玩家食用物品后提供额外1点饱食度和饱和度，并不会被食物本身性质，种类所影响且每次进食后有极小几率获得短暂的反胃Debuff。\n\n解锁研究所需要吃的垃圾食品为曲奇。\n",
      "icon:10": {
        "Count:3": 1,
        "id:8": "forbiddenmagicre:ring_nutrition"
      },
      "name:8": "滋补身体"
    }
  },
  "questID:3": 189,
  "tasks:9": {
    "0:10": {
      "index:3": 0,
      "requiredItems:9": {
        "0:10": {
          "Count:3": 1,
          "id:8": "forbiddenmagicre:ring_nutrition"
        }
      },
      "taskID:8": "bq_standard:retrieval"
    }
  }
}