{
  "preRequisites:11": [
    186
  ],
  "properties:10": {
    "betterquesting:10": {
      "desc:8": "这个小玩意可以把持有者获得的经验球半数转化为知识（观测与理论），\n但很缓慢。",
      "icon:10": {
        "Count:3": 1,
        "id:8": "thaumcraft:curiosity_band"
      },
      "name:8": "活到老，学到老"
    }
  },
  "questID:3": 191,
  "tasks:9": {
    "0:10": {
      "index:3": 0,
      "requiredItems:9": {
        "0:10": {
          "Count:3": 1,
          "id:8": "thaumcraft:curiosity_band"
        }
      },
      "taskID:8": "bq_standard:retrieval"
    }
  }
}