{
  "preRequisites:11": [
    192
  ],
  "properties:10": {
    "betterquesting:10": {
      "desc:8": "这个小东西除了具备魔力护身符的全部功能外还能额外储存300vis，可以避免在灵气不足的地方遇到危险，这真的很棒！",
      "icon:10": {
        "Count:3": 1,
        "id:8": "thaumicperiphery:vis_phylactery"
      },
      "name:8": "更方便的充电站"
    }
  },
  "questID:3": 194,
  "tasks:9": {
    "0:10": {
      "index:3": 0,
      "requiredItems:9": {
        "0:10": {
          "Count:3": 1,
          "id:8": "thaumicperiphery:vis_phylactery"
        }
      },
      "taskID:8": "bq_standard:retrieval"
    }
  }
}