{
  "preRequisites:11": [
    201,
    146
  ],
  "properties:10": {
    "betterquesting:10": {
      "desc:8": "解锁注魔之后，你能够将你的无尽之瓮升级为永燃之瓮。\n永燃之瓮能提供无限的岩浆，可以供给那些对岩浆需求量大的模组对岩浆的需要。\n想要制作此物品需要解锁研究“永燃之瓮”。",
      "icon:10": {
        "Count:3": 1,
        "id:8": "thaumicwonders:everburning_urn"
      },
      "name:8": "无限岩浆"
    }
  },
  "questID:3": 197,
  "tasks:9": {
    "0:10": {
      "index:3": 0,
      "requiredItems:9": {
        "0:10": {
          "Count:3": 1,
          "id:8": "thaumicwonders:everburning_urn"
        }
      },
      "taskID:8": "bq_standard:retrieval"
    }
  }
}