{
  "preRequisites:11": [
    161
  ],
  "properties:10": {
    "betterquesting:10": {
      "desc:8": "当你解锁了注魔以后，你可以升级你的神秘使护甲，把它们变得更强。\n升级后的秘术师护甲有着更高的防御力，更多的魔力减免和更耐用的耐久！",
      "icon:10": {
        "Count:3": 1,
        "id:8": "thaumicaugmentation:thaumium_robes_chestplate",
        "tag:10": {
          "color:3": 11360678
        }
      },
      "name:8": "更好的神秘使护甲"
    }
  },
  "questID:3": 199,
  "tasks:9": {
    "0:10": {
      "index:3": 0,
      "requiredItems:9": {
        "0:10": {
          "Count:3": 1,
          "id:8": "thaumicaugmentation:thaumium_robes_hood",
          "tag:10": {
            "color:3": 11360678
          }
        },
        "1:10": {
          "Count:3": 1,
          "id:8": "thaumicaugmentation:thaumium_robes_chestplate",
          "tag:10": {
            "color:3": 11360678
          }
        },
        "2:10": {
          "Count:3": 1,
          "id:8": "thaumicaugmentation:thaumium_robes_leggings",
          "tag:10": {
            "color:3": 11360678
          }
        }
      },
      "taskID:8": "bq_standard:retrieval"
    }
  }
}