{
  "preRequisites:11": [
    20
  ],
  "properties:10": {
    "betterquesting:10": {
      "desc:8": "奥术悬浮台可以消耗灵气产生一道气流，将实体向朝向的方向推动。可以用红石信号控制其开关。\n\n首次放置时默认气流高度为8格，可以点击悬浮台底部的触发器调整悬浮距离（距离增加，魔力消耗增加）：\n\n4格（8vis/分钟）、8格（16vis/分钟）、16格（32vis/分钟）、32格（64vis/分钟）\n\n当有生物悬浮时每秒钟消耗1vis魔力。\n\n可以用来制作刷怪塔。",
      "icon:10": {
        "Count:3": 1,
        "id:8": "thaumcraft:levitator"
      },
      "name:8": "奥术悬浮台"
    }
  },
  "questID:3": 24,
  "tasks:9": {
    "0:10": {
      "index:3": 0,
      "requiredItems:9": {
        "0:10": {
          "Count:3": 1,
          "id:8": "thaumcraft:levitator"
        }
      },
      "taskID:8": "bq_standard:retrieval"
    }
  }
}