{
  "preRequisites:11": [
    20
  ],
  "properties:10": {
    "betterquesting:10": {
      "desc:8": "滤物隔栅是一个方便的道具。\n\n开启时只能让物品通过，若单独放置，右击可以像控制活板门那样选择开关。\n\n上方连接输出容器时会不断抽出其中的物品。",
      "icon:10": {
        "Count:3": 1,
        "id:8": "thaumicaugmentation:item_grate"
      },
      "name:8": "比花格箱更好"
    }
  },
  "questID:3": 36,
  "tasks:9": {
    "0:10": {
      "index:3": 0,
      "requiredItems:9": {
        "0:10": {
          "Count:3": 1,
          "id:8": "thaumicaugmentation:item_grate"
        }
      },
      "taskID:8": "bq_standard:retrieval"
    }
  }
}