{
  "preRequisites:11": [
    32
  ],
  "properties:10": {
    "betterquesting:10": {
      "desc:8": "神秘奇境模组带回了TC4的6种神秘箭！\n\n它们的功能如下：\n\n§e风之矢：§r造成的伤害可以穿透任何护甲。\n\n§c火之矢：§r射出后可引燃目标。\n\n§b水之矢：§r会减缓目标移动速度。\n\n§a地之矢：§r能造成更高的伤害。\n\n§d秩序矢：§r少量穿甲效果，同时对目标施加虚弱debuff。\n\n§8混沌矢：§r伤害降低，但是会对目标造成凋零效果。",
      "icon:10": {
        "Count:3": 1,
        "id:8": "crimsonrevelations:aer_arrow"
      },
      "name:8": "元素箭"
    }
  },
  "questID:3": 5,
  "tasks:9": {
    "0:10": {
      "index:3": 0,
      "requiredItems:9": {
        "0:10": {
          "Count:3": 8,
          "id:8": "crimsonrevelations:aer_arrow"
        },
        "1:10": {
          "Count:3": 8,
          "id:8": "crimsonrevelations:terra_arrow"
        },
        "2:10": {
          "Count:3": 8,
          "id:8": "crimsonrevelations:ignis_arrow"
        },
        "3:10": {
          "Count:3": 8,
          "id:8": "crimsonrevelations:aqua_arrow"
        },
        "4:10": {
          "Count:3": 8,
          "id:8": "crimsonrevelations:perditio_arrow"
        },
        "5:10": {
          "Count:3": 8,
          "id:8": "crimsonrevelations:ordo_arrow"
        }
      },
      "taskID:8": "bq_standard:retrieval"
    }
  }
}