{
  "preRequisites:11": [
    634749913
  ],
  "properties:10": {
    "betterquesting:10": {
      "desc:8": "获取基础资源，快速开局，避免低版本前期繁琐的发展过程。",
      "icon:10": {
        "Count:3": 1,
        "id:8": "minecraft:rabbit_foot"
      },
      "name:8": "快速开局",
      "questlogic:8": "NAND",
      "visibility:8": "ALWAYS"
    }
  },
  "questID:3": 52,
  "rewards:9": {
    "0:10": {
      "index:3": 0,
      "rewardID:8": "bq_standard:item",
      "rewards:9": {
        "0:10": {
          "Count:3": 32,
          "id:8": "thaumcraft:crystal_essence",
          "tag:10": {
            "Aspects:9": {
              "0:10": {
                "amount:3": 1,
                "key:8": "aer"
              }
            }
          }
        },
        "1:10": {
          "Count:3": 32,
          "id:8": "thaumcraft:crystal_essence",
          "tag:10": {
            "Aspects:9": {
              "0:10": {
                "amount:3": 1,
                "key:8": "aqua"
              }
            }
          }
        },
        "2:10": {
          "Count:3": 32,
          "id:8": "thaumcraft:crystal_essence",
          "tag:10": {
            "Aspects:9": {
              "0:10": {
                "amount:3": 1,
                "key:8": "ignis"
              }
            }
          }
        },
        "3:10": {
          "Count:3": 32,
          "id:8": "thaumcraft:crystal_essence",
          "tag:10": {
            "Aspects:9": {
              "0:10": {
                "amount:3": 1,
                "key:8": "terra"
              }
            }
          }
        },
        "4:10": {
          "Count:3": 32,
          "id:8": "thaumcraft:crystal_essence",
          "tag:10": {
            "Aspects:9": {
              "0:10": {
                "amount:3": 1,
                "key:8": "perditio"
              }
            }
          }
        },
        "5:10": {
          "Count:3": 32,
          "id:8": "thaumcraft:crystal_essence",
          "tag:10": {
            "Aspects:9": {
              "0:10": {
                "amount:3": 1,
                "key:8": "ordo"
              }
            }
          }
        }
      }
    },
    "1:10": {
      "index:3": 1,
      "rewardID:8": "bq_standard:item",
      "rewards:9": {
        "0:10": {
          "Count:3": 128,
          "id:8": "minecraft:log"
        },
        "1:10": {
          "Count:3": 128,
          "id:8": "minecraft:cobblestone"
        }
      }
    },
    "2:10": {
      "index:3": 2,
      "rewardID:8": "bq_standard:item",
      "rewards:9": {
        "0:10": {
          "Count:3": 64,
          "id:8": "minecraft:iron_ore"
        },
        "1:10": {
          "Count:3": 32,
          "id:8": "minecraft:gold_ore"
        },
        "2:10": {
          "Count:3": 32,
          "id:8": "minecraft:lapis_ore"
        },
        "3:10": {
          "Count:3": 8,
          "id:8": "minecraft:diamond_ore"
        },
        "4:10": {
          "Count:3": 32,
          "id:8": "minecraft:redstone_ore"
        }
      }
    }
  },
  "tasks:9": {
    "0:10": {
      "index:3": 0,
      "taskID:8": "bq_standard:checkbox"
    }
  }
}