{
  "preRequisites:11": [
    23
  ],
  "properties:10": {
    "betterquesting:10": {
      "desc:8": "收集你所需的资源...\n你只需要找到2~3个金矿石，一些铁矿石和10搓左右红石就可以完成你的原版矿物准备工作...当然，你也需要收集自然生成的6颜色水晶碎片。",
      "icon:10": {
        "Count:3": 1,
        "id:8": "minecraft:iron_ore"
      },
      "name:8": "基础资源收集"
    }
  },
  "questID:3": 54,
  "tasks:9": {
    "0:10": {
      "index:3": 1,
      "requiredItems:9": {
        "0:10": {
          "Count:3": 32,
          "OreDict:8": "ingotIron",
          "id:8": "minecraft:iron_ingot"
        },
        "1:10": {
          "Count:3": 4,
          "OreDict:8": "ingotGold",
          "id:8": "minecraft:gold_ingot"
        }
      },
      "taskID:8": "bq_standard:retrieval"
    }
  }
}