{
  "preRequisites:11": [
    27,
    54
  ],
  "properties:10": {
    "betterquesting:10": {
      "desc:8": "得到了魔导手册，接下来要制作奥术工作台和魔导透镜。\n首先，你要打开魔导手册，然后点击在闪烁着的最初的摸索研究，你才能解锁制作奥术工作台的配方。\n然后，你要使用世界盐右击工作台，工作台会变成奥术工作台，它可以用来制作神秘时代的基础物品。\n3x3的GUI旁边6个空位，分别可以放入对应颜色的魔力水晶碎片。合成时会消耗配方表显示数量的水晶碎片。\n而成品栏上方的蓝色小字，说明了奥术工作台所在的区块灵气量。\n放入物品后，若满足合成，则会显示产物。\n其中，若出现旋转的光圈，则代表消耗对应要素的魔力水晶碎片。\n代表灵气总量的蓝色小字上方出现浅蓝色以Vis为单位的数字，这个数字表示此合成所消耗的区域灵气量。\n奥术工作台一个显著的优点就是放置在其中的物品不会因为退出界面而返回到物品栏中。\n之后再打开魔导手册，点击“完成研究”，即可完成当前研究（关于奥术工作台的研究），解锁新的研究（魔导透镜）的研究。\n然后，使用6色魔力水晶，4个金锭和1个玻璃板在奥术工作台上合成魔导透镜。\n合成魔导透镜后，扫扫扫，右键或潜行右键扫描所有方块。\n手持魔导透镜的时候，所有未扫描的方块会以闪光的浅蓝色亮点标识出来。\n你也可以把魔导透镜悬浮在要扫描的物品上面，它就会自动扫描。\n扫描会解锁一些研究，获得观测（Observation）的知识。\n被扫描的方块越复杂，获得的知识越多。\n有些研究解锁需要扫描对应的物品或搞到对应的知识。",
      "frame:8": "GATE",
      "icon:10": {
        "Count:3": 1,
        "id:8": "thaumcraft:thaumometer"
      },
      "ismain:1": 1,
      "name:8": "基础准备"
    }
  },
  "questID:3": 88,
  "tasks:9": {
    "0:10": {
      "index:3": 0,
      "requiredItems:9": {
        "0:10": {
          "Count:3": 1,
          "id:8": "thaumcraft:arcane_workbench"
        }
      },
      "taskID:8": "bq_standard:retrieval"
    },
    "1:10": {
      "index:3": 1,
      "requiredItems:9": {
        "0:10": {
          "Count:3": 1,
          "id:8": "thaumcraft:thaumometer"
        }
      },
      "taskID:8": "bq_standard:retrieval"
    }
  }
}