{
  "preRequisites:11": [
    88,
    96
  ],
  "properties:10": {
    "betterquesting:10": {
      "desc:8": "你已经了解了咒波的概念，现在你可以来使用坩埚了！\n首先，点击闪烁的研究，解锁并查看配方。\n其次，照着魔导手册的配方制作坩埚，就是用世界盐右击原版的炼药锅。\n使用热源（火焰，岩浆（块），闪耀之光等）给坩埚加热，然后，再使用水桶向坩埚里加水，注意，你无法用桶盛出装在坩埚里的水，这说明，如果你想提前排放坩埚，只能通过Shift+右键排放掉坩埚里的水。\n其次，想要制作物品，你需要解锁对应的研究与足够的要素。\n按住shift把鼠标移向物品，可以看见该物品里含有的要素，如果没显示就证明该物品不含要素。\n然后，扔进坩埚里的含有要素的物品会被坩埚溶解，分散成其所含有的要素。\n当要素充足,且你解锁对应的研究时，将待处理物品扔进装了烧开的水里。就能直接制作出对应的物品了。\n要注意，坩埚之中的源质会随时间而分解消失，产生紫色烟雾。这正是上一章所说的咒波。每一点要素对应着一点咒波值。潜行右键则一次性清空坩埚中的要素，效果与直接挖掉坩埚或自然分解是一样的，都会产生咒波。所以需要及时用石英碎片处理含有多余要素的坩埚。",
      "frame:8": "GATE",
      "icon:10": {
        "Count:3": 1,
        "id:8": "thaumcraft:crucible"
      },
      "ismain:1": 1,
      "name:8": "炼金术2"
    }
  },
  "questID:3": 99,
  "tasks:9": {
    "0:10": {
      "index:3": 0,
      "requiredItems:9": {
        "0:10": {
          "Count:3": 1,
          "id:8": "thaumcraft:crucible"
        }
      },
      "taskID:8": "bq_standard:retrieval"
    },
    "1:10": {
      "index:3": 1,
      "requiredItems:9": {
        "0:10": {
          "Count:3": 1,
          "Damage:2": 2,
          "id:8": "thaumcraft:ingot"
        },
        "1:10": {
          "Count:3": 1,
          "id:8": "thaumcraft:ingot"
        }
      },
      "taskID:8": "bq_standard:retrieval"
    }
  }
}